State,County,Year,Days with AQI,Good Days,Moderate Days,Unhealthy for Sensitive Groups Days,Unhealthy Days,Very Unhealthy Days,Hazardous Days,Max AQI,90th Percentile AQI,Median AQI,Days CO,Days NO2,Days Ozone,Days PM2.5,Days PM10,FID
Alabama,Baldwin,2000,257,111,96,39,10,1,0,205,129,54,0,0,215,42,0,20
Alabama,Clay,2000,271,155,101,14,1,0,0,177,90,46,0,0,188,83,0,65
Alabama,Colbert,2000,106,38,66,2,0,0,0,124,80,58,0,0,0,106,0,73
Alabama,DeKalb,2000,354,169,123,58,4,0,0,159,115,51,0,0,297,56,1,112
Alabama,Elmore,2000,242,125,78,37,2,0,0,166,112,50,0,0,242,0,0,118
Alabama,Escambia,2000,119,36,80,3,0,0,0,123,83,57,0,0,0,114,5,122
Alabama,Etowah,2000,101,34,60,7,0,0,0,141,87,59,0,0,0,83,18,131
Alabama,Houston,2000,102,45,56,1,0,0,0,120,79,54,0,0,0,94,8,160
Alabama,Jefferson,2000,366,25,239,73,25,4,0,208,140,79,35,0,83,233,15,171
Alabama,Lawrence,2000,272,136,106,29,1,0,0,172,101,51,0,0,209,63,0,181
Alabama,Madison,2000,366,199,131,30,6,0,0,187,100,48,7,0,264,82,13,217
Alabama,Marengo,2000,57,57,0,0,0,0,0,49,31,21,0,0,0,0,57,220
Alabama,Mobile,2000,285,108,122,46,9,0,0,187,122,60,0,0,206,69,10,240
Alabama,Montgomery,2000,281,117,116,43,5,0,0,195,115,54,0,0,196,84,1,256
Alabama,Morgan,2000,222,80,94,41,7,0,0,187,121,63,0,0,154,54,14,262
Alabama,Pike,2000,59,59,0,0,0,0,0,46,37,22,0,0,0,0,59,279
Alabama,Russell,2000,118,34,77,7,0,0,0,144,92,61,0,0,0,107,11,288
Alabama,Shelby,2000,284,126,105,38,13,2,0,214,122,57,0,19,183,79,3,298
Alabama,Sumter,2000,273,170,83,20,0,0,0,147,93,44,0,0,186,87,0,303
Alabama,Talladega,2000,113,36,72,5,0,0,0,136,91,59,0,0,0,103,10,306
Alabama,Tuscaloosa,2000,107,42,61,4,0,0,0,126,84,56,0,0,0,105,2,313
Alabama,Walker,2000,69,25,42,2,0,0,0,112,84,56,0,0,0,64,5,317
Alaska,Anchorage,2000,304,267,37,0,0,0,0,95,51,28,145,0,0,60,99,400
Alaska,Denali,2000,363,361,1,1,0,0,0,106,34,28,0,0,359,4,0,426
Alaska,Fairbanks North Star,2000,243,169,63,8,3,0,0,169,81,32,128,0,0,114,1,454
Alaska,Juneau,2000,126,108,17,1,0,0,0,107,60,18,0,0,0,124,2,482
Alaska,Ketchikan Gateway,2000,60,49,11,0,0,0,0,93,59,13,0,0,0,60,0,514
Alaska,Matanuska-Susitna,2000,122,104,17,1,0,0,0,115,58,17,0,0,0,111,11,556
Arizona,Apache,2000,69,69,0,0,0,0,0,45,28,15,0,0,0,69,0,761
Arizona,Cochise,2000,354,230,118,6,0,0,0,132,80,46,0,0,327,13,14,763
Arizona,Coconino,2000,364,227,132,5,0,0,0,126,80,47,0,0,352,12,0,771
Arizona,Gila,2000,151,116,35,0,0,0,0,84,68,32,0,0,0,124,27,787
Arizona,Graham,2000,42,39,3,0,0,0,0,70,41,24,0,0,0,0,42,0
Arizona,Maricopa,2000,366,21,178,148,19,0,0,174,136,97,1,118,193,33,21,9
Arizona,Mohave,2000,62,54,8,0,0,0,0,65,51,31,0,0,0,2,60,15
Arizona,Navajo,2000,120,120,0,0,0,0,0,37,25,12,0,0,0,84,36,17
Arizona,Pima,2000,366,175,168,23,0,0,0,136,90,51,4,53,227,5,77,21
Arizona,Pinal,2000,120,107,12,1,0,0,0,123,52,32,0,0,0,120,0,26
Arizona,Santa Cruz,2000,60,32,26,2,0,0,0,106,82,50,0,0,0,40,20,32
Arizona,Yavapai,2000,354,197,129,27,1,0,0,151,97,48,0,0,347,4,3,35
Arizona,Yuma,2000,206,179,27,0,0,0,0,93,56,38,0,0,170,0,36,42
Arkansas,Arkansas,2000,101,39,61,1,0,0,0,101,75,56,0,0,0,101,0,46
Arkansas,Ashley,2000,90,24,65,1,0,0,0,108,82,56,0,0,0,90,0,50
Arkansas,Clark,2000,347,265,57,25,0,0,0,147,90,39,0,0,347,0,0,86
Arkansas,Craighead,2000,57,19,38,0,0,0,0,90,79,55,0,0,0,57,0,114
Arkansas,Crittenden,2000,366,236,98,25,7,0,0,177,100,42,0,0,310,56,0,119
Arkansas,Faulkner,2000,40,13,27,0,0,0,0,84,77,56,0,0,0,40,0,141
Arkansas,Garland,2000,106,51,55,0,0,0,0,99,70,51,0,0,0,106,0,151
Arkansas,Jefferson,2000,57,17,40,0,0,0,0,82,76,56,0,0,0,57,0,213
Arkansas,Marion,2000,49,38,11,0,0,0,0,76,65,42,0,0,0,49,0,282
Arkansas,Miller,2000,42,19,23,0,0,0,0,91,77,52,0,0,0,42,0,287
Arkansas,Mississippi,2000,20,8,12,0,0,0,0,86,84,57,0,0,0,20,0,294
Arkansas,Montgomery,2000,352,300,48,4,0,0,0,119,61,34,0,0,352,0,0,304
Arkansas,Newton,2000,363,257,92,14,0,0,0,129,84,43,0,0,326,37,0,311
Arkansas,Phillips,2000,112,46,66,0,0,0,0,99,76,54,0,0,0,112,0,322
Arkansas,Polk,2000,125,60,65,0,0,0,0,85,69,51,0,0,0,125,0,337
Arkansas,Pope,2000,114,44,69,1,0,0,0,105,73,55,0,0,0,114,0,340
Arkansas,Pulaski,2000,366,104,221,27,14,0,0,200,105,62,1,2,130,232,1,350
Arkansas,Sebastian,2000,115,50,65,0,0,0,0,91,69,52,0,0,0,115,0,378
Arkansas,Union,2000,97,39,57,1,0,0,0,101,77,54,0,0,0,97,0,403
Arkansas,Washington,2000,96,50,46,0,0,0,0,97,69,50,0,0,0,96,0,417
Arkansas,White,2000,34,12,22,0,0,0,0,83,76,56,0,0,0,34,0,428
California,Alameda,2000,366,293,59,11,2,1,0,209,70,39,2,129,182,53,0,457
California,Amador,2000,366,238,83,34,11,0,0,192,112,44,15,0,351,0,0,472
California,Butte,2000,361,226,88,40,7,0,0,174,108,44,16,41,260,25,19,486
California,Calaveras,2000,364,245,71,34,14,0,0,200,115,38,29,0,311,23,1,489
California,Colusa,2000,365,306,54,5,0,0,0,105,61,36,0,0,280,30,55,497
California,Contra Costa,2000,366,251,92,22,1,0,0,172,89,43,0,41,215,109,1,503
California,Del Norte,2000,134,133,1,0,0,0,0,53,29,14,0,0,0,87,47,511
California,El Dorado,2000,366,184,107,44,29,2,0,208,136,50,0,22,330,14,0,522
California,Fresno,2000,366,50,121,89,88,18,0,227,183,112,2,24,230,109,1,527
California,Glenn,2000,366,284,76,6,0,0,0,126,67,40,0,0,328,0,38,537
California,Humboldt,2000,77,63,14,0,0,0,0,76,60,28,0,0,0,57,20,551
California,Imperial,2000,366,142,171,41,10,2,0,208,115,59,32,83,176,39,36,557
California,Inyo,2000,366,184,123,32,4,2,21,10736,126,50,0,0,284,3,79,562
California,Kern,2000,366,52,110,95,100,9,0,213,179,111,1,16,228,118,3,84
California,Kings,2000,364,143,99,77,43,2,0,205,159,70,0,59,254,36,15,94
California,Lake,2000,366,350,15,1,0,0,0,108,44,34,0,0,362,4,0,100
California,Lassen,2000,33,26,7,0,0,0,0,63,54,28,0,0,0,0,33,104
California,Los Angeles,2000,366,27,164,114,51,10,0,243,159,99,7,96,128,133,2,139
California,Madera,2000,362,217,98,40,7,0,0,177,108,45,0,72,290,0,0,153
California,Marin,2000,366,359,7,0,0,0,0,61,39,28,6,198,126,30,6,168
California,Mariposa,2000,362,199,93,58,12,0,0,187,126,48,0,0,358,1,3,178
California,Mendocino,2000,366,356,10,0,0,0,0,72,39,30,10,76,250,20,10,190
California,Merced,2000,363,157,99,68,36,3,0,207,151,58,0,15,308,36,4,204
California,Modoc,2000,74,62,10,2,0,0,0,107,59,25,0,0,0,46,28,207
California,Mono,2000,349,327,13,1,0,1,7,10362,31,11,77,0,0,13,259,214
California,Monterey,2000,366,339,24,3,0,0,0,129,47,36,0,17,326,15,8,228
California,Napa,2000,366,357,9,0,0,0,0,77,41,31,9,112,240,0,5,236
California,Nevada,2000,366,162,116,63,22,3,0,208,136,57,0,0,327,31,8,243
California,Orange,2000,366,110,200,36,19,1,0,205,127,62,2,74,97,191,2,257
California,Placer,2000,366,217,89,41,18,1,0,202,126,46,0,113,234,16,3,266
California,Plumas,2000,365,280,77,8,0,0,0,127,70,41,0,0,305,36,24,275
California,Riverside,2000,366,52,125,101,76,12,0,222,172,103,1,42,186,124,13,281
California,Sacramento,2000,366,166,128,42,29,1,0,203,143,55,8,21,214,121,2,289
California,San Benito,2000,364,276,66,22,0,0,0,147,87,40,0,0,360,3,1,295
California,San Bernardino,2000,366,49,150,75,74,18,0,246,179,95,0,94,208,57,7,302
California,San Diego,2000,366,73,196,81,15,1,0,201,133,74,0,49,207,110,0,315
California,San Francisco,2000,366,277,83,6,0,0,0,132,66,36,0,125,108,133,0,331
California,San Joaquin,2000,366,228,104,27,7,0,0,172,97,45,11,95,193,59,8,339
California,San Luis Obispo,2000,366,282,79,5,0,0,0,143,77,41,0,52,284,18,12,351
California,San Mateo,2000,366,334,27,5,0,0,0,129,48,33,5,180,119,60,2,368
California,Santa Barbara,2000,366,211,117,36,2,0,0,154,101,48,0,27,314,21,4,391
California,Santa Clara,2000,366,228,104,26,8,0,0,190,97,44,0,90,123,153,0,406
California,Santa Cruz,2000,366,342,23,1,0,0,0,126,46,36,0,9,330,22,5,415
California,Shasta,2000,366,245,95,25,1,0,0,154,93,44,0,0,354,12,0,431
California,Sierra,2000,29,29,0,0,0,0,0,36,30,17,0,0,0,0,29,439
California,Siskiyou,2000,310,292,17,1,0,0,0,101,49,36,0,0,267,21,22,446
California,Solano,2000,366,290,65,9,2,0,0,153,67,37,18,62,235,51,0,453
California,Sonoma,2000,366,324,35,7,0,0,0,122,54,37,0,58,263,43,2,463
California,Stanislaus,2000,366,196,111,42,16,1,0,202,122,49,9,74,208,63,12,473
California,Sutter,2000,366,241,93,28,4,0,0,166,100,43,19,47,266,23,11,483
California,Tehama,2000,320,218,70,30,2,0,0,156,101,40,0,0,305,0,15,492
California,Trinity,2000,81,81,0,0,0,0,0,46,28,13,0,0,0,22,59,500
California,Tulare,2000,366,127,79,75,81,4,0,203,177,85,2,36,269,56,3,501
California,Tuolumne,2000,363,184,98,61,20,0,0,197,133,49,6,0,357,0,0,513
California,Ventura,2000,366,147,135,58,25,1,0,203,143,59,0,54,270,41,1,521
California,Yolo,2000,366,273,71,20,2,0,0,159,84,40,1,53,274,35,3,525
Colorado,Adams,2000,366,205,156,5,0,0,0,114,67,48,0,106,108,41,111,545
Colorado,Alamosa,2000,282,269,11,2,0,0,0,142,39,19,0,0,0,49,233,549
Colorado,Arapahoe,2000,362,251,94,16,1,0,0,151,87,43,0,0,321,41,0,558
Colorado,Archuleta,2000,353,332,20,1,0,0,0,106,44,23,0,0,0,24,329,560
Colorado,Boulder,2000,366,274,87,5,0,0,0,126,69,42,39,0,259,55,13,570
Colorado,Delta,2000,66,56,10,0,0,0,0,73,58,25,0,0,0,27,39,617
Colorado,Denver,2000,366,195,165,6,0,0,0,126,82,49,10,74,136,133,13,628
Colorado,Douglas,2000,234,139,75,20,0,0,0,143,100,48,0,0,201,18,15,644
Colorado,Eagle,2000,45,45,0,0,0,0,0,32,20,11,0,0,0,0,45,648
Colorado,El Paso,2000,366,187,155,24,0,0,0,140,93,50,15,147,165,22,17,661
Colorado,Elbert,2000,113,112,1,0,0,0,0,51,30,15,0,0,0,113,0,655
Colorado,Fremont,2000,60,59,1,0,0,0,0,90,20,15,0,0,0,0,60,664
Colorado,Garfield,2000,95,95,0,0,0,0,0,50,34,18,0,0,0,0,95,667
Colorado,Gunnison,2000,365,201,157,7,0,0,0,122,77,49,0,0,335,5,25,682
Colorado,Jackson,2000,65,65,0,0,0,0,0,48,19,10,0,0,0,65,0,701
Colorado,Jefferson,2000,366,249,78,38,1,0,0,159,101,44,2,75,289,0,0,706
Colorado,La Plata,2000,366,285,81,0,0,0,0,90,59,42,0,27,256,5,78,727
Colorado,Larimer,2000,366,211,133,20,2,0,0,159,90,47,2,0,342,21,1,734
Colorado,Mesa,2000,366,345,21,0,0,0,0,83,43,24,251,0,0,68,47,751
Colorado,Montezuma,2000,348,215,124,9,0,0,0,140,80,45,0,0,339,9,0,766
Colorado,Montrose,2000,98,92,6,0,0,0,0,75,45,25,0,0,0,0,98,769
Colorado,Pitkin,2000,309,302,7,0,0,0,0,62,33,18,0,0,0,7,302,789
Colorado,Prowers,2000,357,323,33,1,0,0,0,112,49,23,0,0,0,0,357,792
Colorado,Pueblo,2000,126,112,14,0,0,0,0,79,52,30,0,0,0,102,24,795
Colorado,Routt,2000,337,308,29,0,0,0,0,72,44,20,0,0,0,37,300,809
Colorado,San Juan,2000,84,84,0,0,0,0,0,40,20,10,0,0,0,84,0,347
Colorado,San Miguel,2000,269,261,8,0,0,0,0,62,34,19,0,0,0,19,250,359
Colorado,Summit,2000,120,113,6,1,0,0,0,114,43,17,0,0,0,0,120,373
Colorado,Teller,2000,297,275,22,0,0,0,0,81,46,21,0,0,0,0,297,375
Colorado,Weld,2000,366,288,74,4,0,0,0,119,64,38,37,0,268,59,2,382
Connecticut,Fairfield,2000,366,241,94,24,6,1,0,220,91,43,11,131,152,71,1,410
Connecticut,Hartford,2000,366,237,115,12,2,0,0,179,74,42,37,66,96,166,1,432
Connecticut,Litchfield,2000,222,176,33,10,3,0,0,179,84,38,0,0,193,0,29,443
Connecticut,Middlesex,2000,342,295,28,15,4,0,0,195,64,32,0,0,342,0,0,450
Connecticut,New Haven,2000,366,146,193,21,5,1,0,217,92,54,0,64,76,209,17,466
Connecticut,New London,2000,252,167,70,13,1,1,0,220,87,43,0,0,181,65,6,517
Connecticut,Tolland,2000,192,149,29,13,1,0,0,182,84,39,0,5,187,0,0,524
Connecticut,Windham,2000,316,255,46,11,3,1,0,209,71,35,0,0,316,0,0,529
Delaware,Kent,2000,269,155,95,14,3,2,0,205,90,47,0,0,181,88,0,532
Delaware,New Castle,2000,366,121,213,25,6,1,0,214,96,58,0,2,101,263,0,536
Delaware,Sussex,2000,278,148,100,25,5,0,0,187,101,49,0,0,201,77,0,609
District of Columbia,District of Columbia,630
Florida,Alachua,2000,360,262,83,14,1,0,0,151,80,37,0,0,276,84,0,639
Florida,Baker,2000,362,264,81,17,0,0,0,150,87,40,0,0,362,0,0,641
Florida,Bay,2000,201,139,33,20,8,1,0,208,122,39,0,0,168,0,33,658
Florida,Brevard,2000,366,275,74,17,0,0,0,147,84,41,0,0,340,25,1,686
Florida,Broward,2000,366,263,92,10,1,0,0,151,64,42,6,31,158,171,0,695
Florida,Citrus,2000,157,107,50,0,0,0,0,99,60,42,0,0,0,157,0,843
Florida,Collier,2000,37,37,0,0,0,0,0,39,21,16,0,0,0,0,37,894
Florida,Columbia,2000,60,55,5,0,0,0,0,67,42,31,0,0,60,0,0,903
Florida,Duval,2000,366,199,146,20,1,0,0,172,87,49,1,18,156,191,0,924
Florida,Escambia,2000,366,132,180,37,16,1,0,203,112,58,0,2,180,184,0,931
Florida,Hamilton,2000,59,58,1,0,0,0,0,100,28,18,0,0,0,0,59,942
Florida,Hillsborough,2000,366,141,178,44,3,0,0,164,108,56,1,5,170,187,3,947
Florida,Holmes,2000,356,250,92,12,2,0,0,166,84,41,0,0,356,0,0,948
Florida,Lake,2000,356,340,11,5,0,0,0,126,41,19,0,0,92,0,264,953
Florida,Lee,2000,366,292,62,11,1,0,0,172,74,39,0,0,323,42,1,954
Florida,Leon,2000,361,232,111,18,0,0,0,140,87,44,0,0,299,56,6,955
Florida,Liberty,2000,355,253,84,18,0,0,0,150,87,41,0,0,355,0,0,957
Florida,Manatee,2000,366,252,89,22,3,0,0,156,93,43,0,12,312,42,0,959
Florida,Marion,2000,366,249,99,17,1,0,0,151,87,43,0,0,315,51,0,960
Florida,Miami-Dade,2000,366,228,123,15,0,0,0,147,71,47,0,14,165,186,1,962
Florida,Monroe,2000,61,60,1,0,0,0,0,53,25,16,0,0,0,0,61,963
Florida,Nassau,2000,261,256,5,0,0,0,0,56,38,22,0,0,0,0,261,964
Florida,Orange,2000,366,184,160,18,4,0,0,174,90,50,0,9,163,194,0,967
Florida,Osceola,2000,349,256,76,17,0,0,0,133,87,39,0,0,349,0,0,968
Florida,Palm Beach,2000,366,273,85,8,0,0,0,143,64,44,1,3,200,162,0,969
Florida,Pasco,2000,362,249,94,18,1,0,0,159,90,43,0,0,362,0,0,970
Florida,Pinellas,2000,366,191,148,22,5,0,0,161,97,50,1,16,190,157,2,971
Florida,Polk,2000,366,247,94,24,1,0,0,161,93,42,0,0,310,42,14,972
Florida,Putnam,2000,61,60,1,0,0,0,0,52,41,23,0,0,0,0,61,973
Florida,Santa Rosa,2000,184,104,41,26,13,0,0,187,129,44,0,0,184,0,0,976
Florida,Sarasota,2000,366,241,97,24,4,0,0,177,93,43,40,0,279,38,9,977
Florida,Seminole,2000,360,261,86,12,1,0,0,166,77,42,0,0,307,53,0,978
Florida,St. Lucie,2000,361,288,68,5,0,0,0,115,65,39,0,15,294,51,1,975
Florida,Volusia,2000,366,274,82,9,1,0,0,164,71,42,0,0,306,51,9,983
Florida,Wakulla,2000,26,15,11,0,0,0,0,72,66,39,0,0,0,26,0,984
Georgia,Bibb,2000,285,96,135,36,16,2,0,229,129,61,0,0,206,79,0,997
Georgia,Charlton,2000,104,77,27,0,0,0,0,86,61,40,0,0,0,104,0,635
Georgia,Chatham,2000,364,233,116,13,2,0,0,172,80,43,0,0,174,94,96,646
Georgia,Chattooga,2000,40,39,1,0,0,0,0,69,37,19,0,0,0,0,40,659
Georgia,Cherokee,2000,244,223,18,3,0,0,0,126,49,33,0,0,244,0,0,662
Georgia,Clarke,2000,92,23,64,5,0,0,0,142,84,62,0,0,0,92,0,666
Georgia,Clayton,2000,100,20,76,3,1,0,0,160,87,63,0,0,0,100,0,673
Georgia,Cobb,2000,279,121,104,35,15,4,0,205,136,57,0,0,199,80,0,680
Georgia,Coweta,2000,235,133,57,35,9,1,0,208,122,47,0,0,235,0,0,700
Georgia,Dawson,2000,244,133,86,23,2,0,0,159,101,48,0,0,244,0,0,713
Georgia,DeKalb,2000,366,71,227,49,13,6,0,233,133,67,0,19,107,239,1,718
Georgia,Dougherty,2000,115,40,70,5,0,0,0,122,85,54,0,0,0,107,8,728
Georgia,Douglas,2000,254,137,60,45,11,1,0,202,136,49,0,0,233,0,21,731
Georgia,Fayette,2000,239,127,66,37,6,3,0,234,115,49,0,0,239,0,0,760
Georgia,Floyd,2000,107,36,67,4,0,0,0,146,86,60,0,0,0,98,9,764
Georgia,Fulton,2000,366,85,202,57,16,6,0,228,136,67,0,43,103,219,1,779
Georgia,Glynn,2000,282,171,105,6,0,0,0,147,83,47,0,0,194,80,8,793
Georgia,Gwinnett,2000,256,112,98,35,9,2,0,219,122,58,0,0,220,36,0,804
Georgia,Hall,2000,102,28,69,5,0,0,0,149,83,60,0,0,0,102,0,808
Georgia,Henry,2000,243,127,66,29,16,5,0,235,140,49,0,0,243,0,0,820
Georgia,Houston,2000,21,3,17,1,0,0,0,150,87,68,0,0,0,21,0,823
Georgia,Lowndes,2000,54,23,30,0,1,0,0,170,80,52,0,0,0,54,0,863
Georgia,Murray,2000,232,77,99,47,9,0,0,185,126,67,0,0,211,21,0,892
Georgia,Muscogee,2000,284,115,118,43,7,1,0,208,115,58,0,0,200,84,0,896
Georgia,Paulding,2000,356,201,107,43,5,0,0,166,108,46,0,93,181,82,0,908
Georgia,Pike,2000,335,225,73,30,4,3,0,222,101,42,0,0,335,0,0,7
Georgia,Richmond,2000,283,118,130,30,3,2,0,206,105,59,0,0,197,85,1,24
Georgia,Rockdale,2000,361,283,47,20,9,2,0,212,93,35,0,120,241,0,0,28
Georgia,Spalding,2000,59,57,2,0,0,0,0,53,37,22,0,0,0,0,59,41
Georgia,Sumter,2000,245,128,74,38,5,0,0,187,108,50,0,0,245,0,0,52
Georgia,Walker,2000,55,19,33,3,0,0,0,134,79,58,0,0,0,46,9,126
Georgia,Washington,2000,62,20,42,0,0,0,0,93,78,54,0,0,0,55,7,143
Georgia,Wilkinson,2000,107,29,73,5,0,0,0,112,86,58,0,0,0,107,0,169
Hawaii,Hawaii,2000,339,339,0,0,0,0,0,44,32,19,0,0,339,0,0,198
Hawaii,Honolulu,2000,366,352,12,0,2,0,0,190,39,22,23,12,162,115,54,234
Hawaii,Kauai,2000,24,24,0,0,0,0,0,36,25,15,0,0,0,0,24,261
Hawaii,Maui,2000,358,347,11,0,0,0,0,64,39,21,0,0,0,49,309,323
Idaho,Ada,2000,366,311,50,5,0,0,0,108,56,32,40,111,0,71,144,336
Idaho,Bannock,2000,244,204,35,2,3,0,0,160,59,27,0,0,0,79,165,343
Idaho,Benewah,2000,64,62,2,0,0,0,0,59,44,23,0,0,0,0,64,354
Idaho,Bingham,2000,40,30,10,0,0,0,0,91,63,34,0,0,0,0,40,362
Idaho,Bonner,2000,362,337,23,2,0,0,0,124,44,21,0,0,0,111,251,387
Idaho,Bonneville,2000,66,56,10,0,0,0,0,88,61,27,0,0,0,47,19,395
Idaho,Boundary,2000,49,49,0,0,0,0,0,44,37,18,0,0,0,0,49,405
Idaho,Butte,2000,353,277,75,1,0,0,0,115,64,42,0,0,349,4,0,414
Idaho,Canyon,2000,366,313,49,4,0,0,0,117,55,32,227,0,0,50,89,441
Idaho,Caribou,2000,33,32,1,0,0,0,0,55,35,13,0,0,0,0,33,449
Idaho,Custer,2000,89,88,1,0,0,0,0,79,24,8,0,0,0,89,0,484
Idaho,Kootenai,2000,364,331,33,0,0,0,0,99,46,21,0,0,0,101,263,552
Idaho,Lemhi,2000,131,92,21,13,5,0,0,170,113,25,0,0,0,46,85,566
Idaho,Lewis,2000,60,56,4,0,0,0,0,52,45,30,0,0,0,0,60,574
Idaho,Minidoka,2000,57,54,3,0,0,0,0,53,40,20,0,0,0,0,57,585
Idaho,Nez Perce,2000,366,345,21,0,0,0,0,94,37,17,269,0,0,58,39,589
Idaho,Power,2000,341,69,209,39,21,3,0,217,132,66,0,0,0,279,62,613
Idaho,Shoshone,2000,325,299,26,0,0,0,0,89,44,17,0,0,0,58,267,621
Idaho,Twin Falls,2000,76,65,11,0,0,0,0,78,56,26,0,0,0,43,33,634
Illinois,Adams,2000,364,320,40,4,0,0,0,129,53,33,0,0,318,46,0,650
Illinois,Champaign,2000,366,257,94,13,2,0,0,161,78,41,0,0,320,46,0,12
Illinois,Cook,2000,366,59,272,34,1,0,0,155,100,69,0,86,50,219,11,36
Illinois,DuPage,2000,365,287,76,2,0,0,0,112,67,31,0,0,270,95,0,64
Illinois,Effingham,2000,229,175,47,7,0,0,0,147,71,42,0,0,229,0,0,76
Illinois,Hamilton,2000,228,163,53,11,1,0,0,156,84,43,0,0,228,0,0,106
Illinois,Jackson,2000,60,58,2,0,0,0,0,51,39,19,0,0,0,0,60,129
Illinois,Jersey,2000,230,163,47,19,1,0,0,154,100,43,0,0,230,0,0,142
Illinois,Jo Daviess,2000,349,306,38,5,0,0,0,143,51,35,0,0,349,0,0,145
Illinois,Kane,2000,365,291,69,5,0,0,0,115,68,35,0,0,297,66,2,156
Illinois,LaSalle,175
Illinois,Lake,2000,366,291,69,6,0,0,0,136,67,35,0,2,297,67,0,170
Illinois,Macon,2000,366,268,93,5,0,0,0,147,71,40,0,0,268,98,0,194
Illinois,Macoupin,2000,362,286,59,14,3,0,0,164,74,38,0,0,359,0,3,196
Illinois,Madison,2000,366,157,178,27,3,1,0,202,97,54,0,0,171,107,88,199
Illinois,McHenry,2000,363,285,69,9,0,0,0,136,67,34,0,0,284,79,0,192
Illinois,McLean,2000,55,25,29,1,0,0,0,112,83,52,0,0,0,55,0,193
Illinois,Peoria,2000,366,263,96,7,0,0,0,115,71,39,47,0,230,87,2,233
Illinois,Randolph,2000,366,263,91,11,1,0,0,151,84,40,0,0,325,41,0,255
Illinois,Rock Island,2000,344,303,41,0,0,0,0,100,54,33,0,0,298,46,0,265
Illinois,St. Clair,269
Illinois,Sangamon,2000,366,270,88,7,1,0,0,164,69,38,11,0,268,78,9,274
Illinois,Will,2000,366,248,111,6,1,0,0,151,77,41,0,42,228,95,1,320
Illinois,Winnebago,2000,366,279,82,5,0,0,0,126,71,37,39,0,251,76,0,325
Indiana,Allen,2000,364,237,111,12,4,0,0,182,84,42,126,0,160,77,1,335
Indiana,Bartholomew,2000,131,124,7,0,0,0,0,58,41,19,0,0,0,0,131,342
Indiana,Boone,2000,183,113,57,11,2,0,0,166,90,47,0,0,183,0,0,185
Indiana,Clark,2000,254,115,108,27,4,0,0,156,105,54,0,0,164,84,6,215
Indiana,Daviess,2000,55,53,2,0,0,0,0,56,34,19,0,0,0,0,55,239
Indiana,DeKalb,2000,59,56,3,0,0,0,0,55,36,22,0,0,0,0,59,249
Indiana,Delaware,2000,113,39,72,2,0,0,0,134,82,58,0,0,0,113,0,252
Indiana,Dubois,2000,117,35,76,6,0,0,0,133,80,59,0,0,0,113,4,254
Indiana,Elkhart,2000,226,154,66,6,0,0,0,126,75,43,0,0,139,87,0,260
Indiana,Floyd,2000,255,148,91,16,0,0,0,133,86,45,0,0,167,88,0,267
Indiana,Gibson,2000,366,344,20,2,0,0,0,112,44,27,0,187,179,0,0,286
Indiana,Greene,2000,174,101,59,10,4,0,0,174,93,48,0,0,174,0,0,309
Indiana,Hamilton,2000,183,114,55,10,4,0,0,187,97,48,0,0,183,0,0,321
Indiana,Hancock,2000,183,123,47,9,4,0,0,182,87,45,0,0,183,0,0,329
Indiana,Hendricks,2000,275,114,88,65,7,1,0,204,114,60,1,185,88,0,1,341
Indiana,Henry,2000,13,7,6,0,0,0,0,67,64,49,0,0,0,13,0,344
Indiana,Howard,2000,112,44,67,1,0,0,0,101,80,58,0,0,0,112,0,348
Indiana,Huntington,2000,170,103,57,6,4,0,0,169,93,48,0,0,170,0,0,352
Indiana,Jackson,2000,179,118,47,11,3,0,0,164,97,47,0,0,179,0,0,355
Indiana,Jasper,2000,62,62,0,0,0,0,0,40,26,17,0,0,0,0,62,356
Indiana,Johnson,2000,183,103,66,12,2,0,0,164,90,48,0,0,183,0,0,370
Indiana,Knox,2000,358,259,87,10,2,0,0,154,77,41,0,0,298,60,0,376
Indiana,LaPorte,2000,241,138,95,5,3,0,0,195,77,47,0,0,156,85,0,392
Indiana,Lake,2000,366,71,261,26,8,0,0,164,98,65,0,22,55,276,13,389
Indiana,Madison,2000,240,128,99,12,1,0,0,164,87,50,0,0,150,88,2,401
Indiana,Marion,2000,366,88,249,26,3,0,0,182,96,63,1,16,77,271,1,409
Indiana,Morgan,2000,181,105,60,11,5,0,0,169,93,49,0,0,181,0,0,430
Indiana,Perry,2000,212,122,59,25,6,0,0,172,108,47,0,0,181,0,31,459
Indiana,Porter,2000,341,227,101,9,4,0,0,190,77,41,0,0,157,84,100,468
Indiana,Posey,2000,183,84,73,23,3,0,0,169,119,54,0,0,183,0,0,471
Indiana,Putnam,2000,61,58,3,0,0,0,0,55,42,20,0,0,0,0,61,480
Indiana,Shelby,2000,182,100,64,14,4,0,0,179,100,49,0,0,182,0,0,506
Indiana,Spencer,2000,355,318,32,5,0,0,0,120,53,15,0,299,0,49,7,509
Indiana,St. Joseph,2000,365,245,107,10,3,0,0,166,76,42,0,139,144,81,1,496
Indiana,Tippecanoe,2000,114,45,68,1,0,0,0,111,84,56,0,0,0,114,0,530
Indiana,Vanderburgh,2000,366,216,126,24,0,0,0,150,87,45,12,114,141,97,2,543
Indiana,Vigo,2000,241,135,97,8,1,0,0,154,80,48,0,0,140,99,2,553
Indiana,Wabash,2000,362,278,71,10,3,0,0,174,77,38,0,0,362,0,0,555
Indiana,Warrick,2000,183,112,55,16,0,0,0,136,100,47,0,0,183,0,0,575
Indiana,Wayne,2000,59,59,0,0,0,0,0,50,39,21,0,0,0,0,59,586
Iowa,Black Hawk,2000,123,79,43,1,0,0,0,102,74,37,0,0,0,110,13,623
Iowa,Bremer,2000,213,168,35,10,0,0,0,143,77,38,0,0,213,0,0,631
Iowa,Cerro Gordo,2000,358,277,80,1,0,0,0,116,63,31,0,0,0,75,283,383
Iowa,Clinton,2000,357,259,93,5,0,0,0,150,71,40,0,0,172,75,110,404
Iowa,Delaware,2000,45,45,0,0,0,0,0,46,26,15,0,0,0,0,45,421
Iowa,Emmet,2000,118,91,27,0,0,0,0,96,63,25,0,0,0,105,13,437
Iowa,Harrison,2000,213,164,39,10,0,0,0,122,77,42,0,0,213,0,0,478
Iowa,Johnson,2000,122,81,41,0,0,0,0,96,70,38,0,0,0,122,0,508
Iowa,Linn,2000,366,228,130,7,1,0,0,161,75,45,14,1,145,202,4,535
Iowa,Muscatine,2000,304,230,73,1,0,0,0,101,61,30,0,0,0,102,202,600
Iowa,Palo Alto,2000,231,180,46,5,0,0,0,133,67,42,0,0,201,0,30,618
Iowa,Polk,2000,366,223,141,2,0,0,0,107,73,44,11,0,67,223,65,629
Iowa,Pottawattamie,2000,118,85,33,0,0,0,0,94,63,36,0,0,0,110,8,637
Iowa,Scott,2000,366,144,211,10,1,0,0,151,80,55,0,0,103,190,73,657
Iowa,Story,2000,257,203,51,3,0,0,0,115,68,36,0,0,188,69,0,668
Iowa,Van Buren,2000,256,173,75,8,0,0,0,122,77,45,0,0,200,56,0,678
Iowa,Warren,2000,206,153,48,4,1,0,0,151,80,41,0,0,206,0,0,685
Iowa,Woodbury,2000,122,90,32,0,0,0,0,95,65,33,0,0,0,90,32,702
Kansas,Ford,2000,59,59,0,0,0,0,0,44,36,17,0,0,0,0,59,784
Kansas,Johnson,2000,122,69,52,1,0,0,0,110,66,45,0,0,0,122,0,824
Kansas,Linn,2000,353,231,99,20,3,0,0,177,90,43,4,4,296,49,0,840
Kansas,Montgomery,2000,352,346,6,0,0,0,0,63,37,19,0,0,0,0,352,856
Kansas,Neosho,2000,59,57,2,0,0,0,0,64,36,20,0,0,0,0,59,862
Kansas,Sedgwick,2000,366,225,117,23,1,0,0,179,84,46,20,0,272,58,16,898
Kansas,Shawnee,2000,122,70,52,0,0,0,0,97,65,46,0,0,0,117,5,902
Kansas,Sherman,2000,58,56,2,0,0,0,0,63,38,21,0,0,0,0,58,907
Kansas,Sumner,2000,361,239,106,15,1,0,0,156,80,44,18,5,287,51,0,916
Kansas,Trego,2000,257,145,94,17,1,0,0,161,93,48,0,0,257,0,0,919
Kansas,Wyandotte,2000,366,224,121,17,4,0,0,156,84,45,9,105,175,72,5,927
Kentucky,Bell,2000,366,237,92,32,5,0,0,190,101,44,105,0,226,33,2,936
Kentucky,Boone,2000,245,190,44,8,3,0,0,179,77,41,0,0,245,0,0,1002
Kentucky,Boyd,2000,366,216,133,17,0,0,0,150,88,46,0,79,171,85,31,1008
Kentucky,Bullitt,2000,362,226,110,23,3,0,0,161,87,44,0,120,153,88,1,1024
Kentucky,Campbell,2000,365,234,110,14,7,0,0,192,84,44,0,103,170,91,1,1035
Kentucky,Carter,2000,274,153,109,11,1,0,0,153,86,47,0,0,196,78,0,1044
Kentucky,Christian,2000,257,118,110,28,1,0,0,159,101,53,0,0,174,83,0,1050
Kentucky,Daviess,2000,364,254,95,15,0,0,0,119,77,39,0,112,165,73,14,1071
Kentucky,Edmonson,2000,361,230,108,19,4,0,0,182,84,44,0,0,299,62,0,1073
Kentucky,Fayette,2000,366,226,130,9,1,0,0,157,78,44,1,114,140,104,7,1080
Kentucky,Franklin,2000,115,45,67,3,0,0,0,122,77,56,0,0,0,115,0,1086
Kentucky,Graves,2000,243,147,79,14,2,1,0,210,90,46,0,0,243,0,0,1097
Kentucky,Greenup,2000,241,155,75,11,0,0,0,150,87,45,0,0,241,0,0,1105
Kentucky,Hancock,2000,238,160,63,15,0,0,0,143,87,44,0,0,238,0,0,1107
Kentucky,Hardin,2000,262,148,101,9,4,0,0,179,91,48,0,0,182,77,3,1110
Kentucky,Harlan,2000,60,59,0,1,0,0,0,113,40,24,0,0,0,0,60,1114
Kentucky,Henderson,2000,366,221,122,23,0,0,0,150,80,44,0,128,148,83,7,1126
Kentucky,Jefferson,2000,366,78,246,36,6,0,0,192,105,62,2,16,103,240,5,1143
Kentucky,Jessamine,2000,237,160,67,9,1,0,0,161,87,45,0,0,237,0,0,1145
Kentucky,Kenton,2000,366,231,115,16,4,0,0,195,84,45,4,127,134,89,12,1151
Kentucky,Livingston,2000,255,133,90,30,2,0,0,182,108,50,0,0,244,0,11,1187
Kentucky,Madison,2000,120,40,78,1,1,0,0,156,72,55,0,0,0,116,4,1204
Kentucky,Marshall,2000,41,39,2,0,0,0,0,53,42,22,0,0,0,0,41,1213
Kentucky,McCracken,2000,366,218,123,21,3,1,0,202,93,44,5,89,184,68,20,1196
Kentucky,McLean,2000,236,159,66,11,0,0,0,136,84,44,0,0,236,0,0,1201
Kentucky,Morgan,2000,362,243,96,23,0,0,0,147,90,43,0,0,362,0,0,1235
Kentucky,Oldham,2000,224,153,53,14,4,0,0,174,93,44,0,0,224,0,0,1252
Kentucky,Perry,2000,263,193,61,8,1,0,0,163,75,40,0,0,220,33,10,1265
Kentucky,Pike,2000,315,195,107,12,1,0,0,166,80,44,0,0,183,84,48,1267
Kentucky,Pulaski,2000,263,149,89,21,4,0,0,169,100,48,0,0,242,0,21,1272
Kentucky,Scott,2000,220,185,31,4,0,0,0,119,64,37,0,0,220,0,0,1283
Kentucky,Simpson,2000,244,161,59,21,3,0,0,172,100,45,0,0,244,0,0,1287
Kentucky,Trigg,2000,362,236,96,29,1,0,0,179,97,43,0,0,362,0,0,1009
Kentucky,Warren,2000,366,203,140,18,5,0,0,182,90,47,0,88,190,83,5,1019
Kentucky,Washington,2000,358,223,106,28,1,0,0,151,97,44,0,0,358,0,0,1023
Kentucky,Whitley,2000,59,56,3,0,0,0,0,89,49,20,0,0,0,0,59,1034
Louisiana,Ascension,2000,365,269,61,27,7,1,0,204,100,36,0,0,365,0,0,1055
Louisiana,Beauregard,2000,361,286,55,17,3,0,0,169,80,37,0,0,361,0,0,1066
Louisiana,Bossier,2000,366,207,131,20,7,1,0,201,93,46,0,0,203,163,0,1076
Louisiana,Caddo,2000,363,231,101,27,4,0,0,190,93,44,0,0,284,79,0,1079
Louisiana,Calcasieu,2000,366,189,133,36,8,0,0,174,105,50,0,1,191,174,0,1081
Louisiana,Concordia,2000,60,34,26,0,0,0,0,84,68,46,0,0,0,60,0,1098
Louisiana,East Baton Rouge,2000,366,121,180,41,20,4,0,217,135,61,0,17,156,191,2,1108
Louisiana,Grant,2000,355,243,87,25,0,0,0,150,93,42,0,0,355,0,0,1127
Louisiana,Iberville,2000,366,229,82,33,21,1,0,201,129,44,0,25,307,34,0,1134
Louisiana,Jefferson,2000,366,171,149,38,8,0,0,187,105,52,0,16,160,190,0,1147
Louisiana,Lafayette,2000,363,234,96,26,5,2,0,208,97,41,0,0,287,76,0,1161
Louisiana,Lafourche,2000,354,203,111,37,3,0,0,187,108,46,0,0,218,136,0,1280
Louisiana,Livingston,2000,365,207,110,36,11,1,0,213,108,47,0,2,259,104,0,1295
Louisiana,Orleans,2000,366,179,165,22,0,0,0,147,87,51,1,46,90,229,0,1304
Louisiana,Ouachita,2000,365,239,92,32,2,0,0,174,100,40,0,0,286,79,0,1306
Louisiana,Plaquemines,2000,9,4,5,0,0,0,0,64,64,53,0,0,0,9,0,1427
Louisiana,Pointe Coupee,2000,362,281,66,14,1,0,0,172,84,37,0,0,362,0,0,1431
Louisiana,Rapides,2000,114,60,54,0,0,0,0,97,72,50,0,0,0,114,0,1434
Louisiana,St. Bernard,2000,362,224,111,23,4,0,0,164,97,43,0,0,300,62,0,1463
Louisiana,St. Charles,2000,355,272,52,23,7,1,0,202,97,36,0,0,349,0,6,1466
Louisiana,St. James,2000,363,277,59,24,3,0,0,169,87,36,0,0,363,0,0,1468
Louisiana,St. John the Baptist,2000,361,267,56,30,8,0,0,192,101,38,0,0,361,0,0,1469
Louisiana,St. Mary,2000,358,282,48,23,5,0,0,190,84,35,0,0,358,0,0,1474
Louisiana,Tangipahoa,2000,118,61,55,2,0,0,0,114,77,50,0,0,0,118,0,1476
Louisiana,Terrebonne,2000,117,62,55,0,0,0,0,96,70,47,0,0,0,117,0,1501
Louisiana,West Baton Rouge,2000,366,170,147,41,7,1,0,209,112,52,0,12,140,212,2,1520
Maine,Androscoggin,2000,51,51,0,0,0,0,0,44,26,14,0,0,0,0,51,1532
Maine,Aroostook,2000,366,344,22,0,0,0,0,90,45,33,0,0,329,0,37,1535
Maine,Cumberland,2000,214,186,27,1,0,0,0,133,58,36,0,0,180,0,34,1608
Maine,Franklin,2000,61,61,0,0,0,0,0,28,19,9,0,0,0,0,61,1619
Maine,Hancock,2000,361,316,35,7,3,0,0,179,60,36,0,0,352,9,0,1748
Maine,Kennebec,2000,212,193,18,1,0,0,0,115,49,32,0,0,183,0,29,1755
Maine,Knox,2000,212,187,22,3,0,0,0,147,54,33,0,0,179,0,33,1774
Maine,Oxford,2000,245,242,3,0,0,0,0,84,42,27,0,0,182,0,63,1842
Maine,Penobscot,2000,365,346,17,2,0,0,0,105,45,34,0,0,362,0,3,1846
Maine,Piscataquis,2000,187,180,7,0,0,0,0,93,44,32,0,0,187,0,0,1851
Maine,Sagadahoc,2000,182,147,27,7,1,0,0,154,74,39,0,0,182,0,0,1855
Maine,Washington,2000,101,98,3,0,0,0,0,66,36,17,0,0,0,101,0,1884
Maine,York,2000,361,322,35,3,1,0,0,159,51,32,0,164,197,0,0,1901
Maryland,Anne Arundel,2000,304,166,105,23,8,2,0,215,105,48,0,3,221,79,1,1925
Maryland,Baltimore County,1939
Maryland,Baltimore city,
Maryland,Calvert,2000,210,138,51,16,5,0,0,182,101,44,0,0,210,0,0,1946
Maryland,Carroll,2000,214,135,55,19,5,0,0,187,105,43,0,0,214,0,0,1955
Maryland,Cecil,2000,261,142,92,9,14,4,0,229,101,47,0,0,180,79,2,1963
Maryland,Charles,2000,213,134,46,28,4,1,0,207,115,45,0,0,213,0,0,1294
Maryland,Dorchester,2000,362,260,60,34,8,0,0,195,105,37,0,0,362,0,0,1346
Maryland,Frederick,2000,209,136,57,12,4,0,0,187,93,41,0,0,209,0,0,1357
Maryland,Harford,2000,366,249,91,14,11,1,0,212,90,38,0,0,306,60,0,1372
Maryland,Kent,2000,214,141,49,18,2,4,0,214,105,43,0,0,214,0,0,1394
Maryland,Montgomery,2000,244,146,81,15,2,0,0,156,92,45,0,0,162,82,0,1398
Maryland,Prince George's,2000,366,234,97,26,8,1,0,214,97,40,0,0,290,75,1,1403
Maryland,Washington,2000,256,157,85,12,2,0,0,172,84,46,0,0,164,92,0,1445
Maryland,Wicomico,2000,59,59,0,0,0,0,0,37,21,10,0,0,0,0,59,1446
Massachusetts,Barnstable,2000,275,220,41,11,2,1,0,222,84,36,0,7,268,0,0,1478
Massachusetts,Berkshire,2000,193,133,54,5,1,0,0,161,74,42,0,0,112,81,0,1480
Massachusetts,Bristol,2000,283,184,82,15,2,0,0,200,84,42,0,46,153,84,0,1486
Massachusetts,Essex,2000,305,211,87,6,1,0,0,159,71,40,0,70,140,95,0,1519
Massachusetts,Hampden,2000,366,182,171,12,1,0,0,161,81,51,1,104,62,198,1,1526
Massachusetts,Hampshire,2000,352,293,51,6,2,0,0,164,63,36,0,19,289,43,1,1527
Massachusetts,Middlesex,2000,366,307,51,7,1,0,0,185,59,26,152,0,147,67,0,1533
Massachusetts,Norfolk,2000,63,45,18,0,0,0,0,88,60,36,0,0,0,63,0,1543
Massachusetts,Plymouth,2000,96,57,39,0,0,0,0,84,69,43,0,0,0,96,0,1569
Massachusetts,Suffolk,2000,366,134,221,11,0,0,0,147,79,56,0,71,31,261,3,1585
Massachusetts,Worcester,2000,366,260,97,8,1,0,0,174,70,40,20,93,150,99,4,1599
Michigan,Allegan,2000,357,202,138,14,1,2,0,204,85,46,0,0,127,230,0,1611
Michigan,Alpena,2000,78,62,16,0,0,0,0,79,58,27,0,0,0,78,0,1614
Michigan,Bay,2000,39,27,12,0,0,0,0,84,75,35,0,0,0,39,0,1631
Michigan,Benzie,2000,183,147,26,9,0,1,0,203,80,40,0,0,183,0,0,1634
Michigan,Berrien,2000,243,153,83,4,3,0,0,182,84,46,0,0,159,84,0,1635
Michigan,Calhoun,2000,40,38,2,0,0,0,0,51,45,23,0,0,0,0,40,1641
Michigan,Cass,2000,168,114,44,7,3,0,0,166,87,44,0,0,168,0,0,1644
Michigan,Clinton,2000,182,155,22,5,0,0,0,147,58,39,0,0,182,0,0,1669
Michigan,Genesee,2000,244,163,72,7,2,0,0,166,78,43,0,0,165,76,3,1688
Michigan,Grand Traverse,2000,83,60,23,0,0,0,0,92,62,29,0,0,0,83,0,1697
Michigan,Huron,2000,182,144,33,5,0,0,0,143,67,38,0,0,182,0,0,1708
Michigan,Ingham,2000,250,165,75,9,1,0,0,151,77,44,0,8,161,81,0,1710
Michigan,Kalamazoo,2000,242,157,79,6,0,0,0,143,78,44,0,0,153,89,0,1720
Michigan,Kent,2000,366,181,172,10,3,0,0,192,84,52,5,0,100,259,2,1726
Michigan,Keweenaw,2000,105,101,4,0,0,0,0,59,32,14,0,0,0,105,0,1743
Michigan,Lenawee,2000,182,138,38,4,2,0,0,154,77,44,0,0,182,0,0,1768
Michigan,Macomb,2000,353,276,67,9,1,0,0,161,73,31,116,0,153,84,0,1785
Michigan,Manistee,2000,234,205,22,6,0,1,0,205,58,37,0,0,234,0,0,1787
Michigan,Mason,2000,183,145,28,8,1,1,0,212,84,40,0,0,183,0,0,1797
Michigan,Missaukee,2000,353,327,21,4,1,0,0,182,46,21,0,173,180,0,0,1810
Michigan,Monroe,2000,117,48,66,3,0,0,0,112,83,55,0,0,0,117,0,1812
Michigan,Muskegon,2000,243,173,54,14,1,1,0,206,84,42,0,0,167,76,0,1818
Michigan,Oakland,2000,356,279,68,9,0,0,0,140,66,29,134,0,149,73,0,1824
Michigan,Ottawa,2000,244,165,72,5,2,0,0,190,83,43,0,0,167,73,4,1837
Michigan,Saginaw,2000,107,70,37,0,0,0,0,93,67,34,0,0,0,107,0,1845
Michigan,Schoolcraft,2000,97,92,5,0,0,0,0,64,47,13,0,0,0,97,0,1861
Michigan,St. Clair,2000,226,157,62,5,2,0,0,185,77,38,0,0,144,82,0,1854
Michigan,Tuscola,2000,349,313,33,2,1,0,0,161,54,33,0,0,349,0,0,1866
Michigan,Washtenaw,2000,365,244,108,11,2,0,0,161,77,42,0,0,295,70,0,1869
Michigan,Wayne,2000,366,112,224,28,2,0,0,156,96,62,1,55,41,243,26,1871
Michigan,Wexford,2000,64,64,0,0,0,0,0,36,35,29,0,0,64,0,0,1873
Minnesota,Anoka,2000,366,336,28,2,0,0,0,129,48,28,159,0,207,0,0,1877
Minnesota,Carlton,2000,42,42,0,0,0,0,0,44,17,11,0,0,0,0,42,1893
Minnesota,Crow Wing,2000,12,10,1,1,0,0,0,103,95,10,0,0,0,6,6,1903
Minnesota,Dakota,2000,366,317,43,6,0,0,0,121,59,34,0,154,155,57,0,1904
Minnesota,Douglas,2000,13,11,2,0,0,0,0,69,52,21,0,0,0,10,3,1907
Minnesota,Freeborn,2000,50,34,15,1,0,0,0,106,79,35,0,0,0,34,16,1910
Minnesota,Hennepin,2000,366,244,113,8,1,0,0,157,70,42,7,217,0,130,12,1913
Minnesota,Itasca,2000,14,13,0,1,0,0,0,125,50,17,0,0,0,10,4,1917
Minnesota,Kandiyohi,2000,23,16,7,0,0,0,0,94,68,31,0,0,0,3,20,1920
Minnesota,Lake,2000,230,214,15,1,0,0,0,112,46,30,0,0,176,50,4,1926
Minnesota,McLeod,2000,44,33,11,0,0,0,0,91,76,24,0,0,0,32,12,1934
Minnesota,Mille Lacs,2000,236,192,43,1,0,0,0,140,69,36,0,0,169,57,10,1943
Minnesota,Nicollet,2000,15,12,2,1,0,0,0,104,67,33,0,0,0,10,5,1948
Minnesota,Olmsted,2000,91,58,31,2,0,0,0,104,81,39,0,0,0,91,0,1953
Minnesota,Otter Tail,2000,43,35,8,0,0,0,0,74,63,31,0,0,0,31,12,1954
Minnesota,Pine,2000,337,337,0,0,0,0,0,24,8,3,337,0,0,0,0,1957
Minnesota,Ramsey,2000,366,228,130,8,0,0,0,143,73,42,21,126,0,183,36,1964
Minnesota,St. Louis,1978
Minnesota,Scott,2000,85,51,32,2,0,0,0,106,78,38,0,0,0,85,0,1979
Minnesota,Stearns,2000,325,297,25,3,0,0,0,113,45,16,250,0,0,75,0,1984
Minnesota,Washington,2000,219,171,44,4,0,0,0,122,74,39,0,0,187,17,15,1994
Minnesota,Wright,2000,45,32,12,1,0,0,0,117,74,34,0,0,0,37,8,1999
Mississippi,Adams,2000,280,145,101,28,6,0,0,179,105,49,0,0,209,71,0,1534
Mississippi,Bolivar,2000,285,141,104,39,1,0,0,156,108,51,0,0,204,81,0,1547
Mississippi,DeSoto,2000,364,207,107,43,7,0,0,177,105,47,0,99,192,73,0,1571
Mississippi,Forrest,2000,119,50,68,1,0,0,0,115,76,54,0,0,0,119,0,1572
Mississippi,Hancock,2000,362,221,97,39,5,0,0,195,108,44,0,89,215,58,0,1583
Mississippi,Harrison,2000,364,150,167,40,7,0,0,197,108,54,0,0,146,218,0,1587
Mississippi,Hinds,2000,366,223,120,22,1,0,0,174,93,45,14,0,189,90,73,1591
Mississippi,Jackson,2000,283,140,103,34,5,1,0,208,108,51,0,0,204,79,0,1605
Mississippi,Jones,2000,118,36,80,2,0,0,0,123,84,60,0,0,0,118,0,1615
Mississippi,Lauderdale,2000,281,122,129,29,1,0,0,156,101,55,0,0,210,71,0,1628
Mississippi,Lee,2000,285,121,121,40,3,0,0,164,112,55,0,0,214,70,1,1638
Mississippi,Lowndes,2000,117,43,73,1,0,0,0,116,79,55,0,0,0,117,0,1647
Mississippi,Madison,2000,244,119,98,27,0,0,0,140,105,51,0,0,244,0,0,1651
Mississippi,Pearl River,2000,78,35,42,1,0,0,0,115,70,54,0,0,0,78,0,1676
Mississippi,Rankin,2000,103,45,57,1,0,0,0,110,80,53,0,0,0,103,0,1690
Mississippi,Scott,2000,119,58,60,1,0,0,0,111,72,52,0,0,0,119,0,1692
Mississippi,Warren,2000,279,149,105,24,1,0,0,156,100,49,0,0,210,69,0,1746
Mississippi,Yalobusha,2000,348,221,98,27,2,0,0,166,97,44,0,0,348,0,0,1759
Missouri,Buchanan,2000,122,60,62,0,0,0,0,93,66,51,0,0,0,101,21,1789
Missouri,Cass,2000,296,171,102,20,3,0,0,185,97,46,0,0,233,63,0,1004
Missouri,Cedar,2000,264,142,94,21,7,0,0,179,101,49,0,0,199,65,0,1007
Missouri,Clay,2000,366,135,193,31,7,0,0,195,101,56,2,38,135,191,0,1018
Missouri,Greene,2000,366,240,111,15,0,0,0,150,77,44,21,100,175,70,0,1054
Missouri,Howell,2000,121,54,66,1,0,0,0,105,69,53,0,0,0,121,0,1070
Missouri,Jackson,2000,366,190,174,2,0,0,0,117,72,49,20,0,5,334,7,1074
Missouri,Jasper,2000,122,55,66,1,0,0,0,145,74,52,0,0,0,112,10,1078
Missouri,Jefferson,2000,265,119,123,22,1,0,0,166,90,53,0,0,167,98,0,1082
Missouri,Lincoln,2000,121,120,1,0,0,0,0,53,27,14,0,0,0,0,121,1106
Missouri,Mercer,2000,353,353,0,0,0,0,0,22,10,5,0,353,0,0,0,1125
Missouri,Monroe,2000,262,157,97,8,0,0,0,147,80,47,0,0,191,68,3,1139
Missouri,Platte,2000,366,285,60,17,4,0,0,172,77,35,0,165,201,0,0,1181
Missouri,St. Charles,1205
Missouri,St. Louis County,1216
Missouri,Ste. Genevieve,1209
Missouri,St. Louis City,2000,366,70,275,17,4,0,0,166,91,62,0,46,61,255,4,1266
Missouri,Stoddard,2000,58,27,30,1,0,0,0,107,81,54,0,0,0,58,0,1236
Montana,Cascade,2000,361,343,16,2,0,0,0,113,32,14,274,0,0,87,0,1144
Montana,Fergus,2000,89,88,1,0,0,0,0,86,25,12,0,0,0,89,0,1169
Montana,Flathead,2000,366,299,66,1,0,0,0,132,60,37,41,0,185,74,66,1173
Montana,Gallatin,2000,348,319,25,2,2,0,0,167,43,11,209,0,0,88,51,1177
Montana,Glacier,2000,59,55,4,0,0,0,0,88,42,16,0,0,0,0,59,1186
Montana,Lake,2000,366,306,58,1,1,0,0,159,58,23,0,0,0,117,249,1207
Montana,Lewis and Clark,2000,364,315,43,6,0,0,0,124,57,19,0,0,0,93,271,1211
Montana,Lincoln,2000,360,295,58,7,0,0,0,128,69,25,0,0,0,98,262,1219
Montana,Missoula,2000,366,312,43,9,1,1,0,229,61,24,102,0,0,109,155,1239
Montana,Powell,2000,61,59,2,0,0,0,0,64,31,13,0,0,0,61,0,1262
Montana,Ravalli,2000,356,312,30,4,9,1,0,250,62,17,0,0,0,97,259,1268
Montana,Roosevelt,2000,52,51,1,0,0,0,0,54,35,13,0,0,0,0,52,1275
Montana,Rosebud,2000,366,326,40,0,0,0,0,92,51,23,0,108,0,66,192,1277
Montana,Sanders,2000,151,133,18,0,0,0,0,93,52,20,0,0,0,108,43,1278
Montana,Sheridan,2000,92,90,2,0,0,0,0,61,28,14,0,0,0,92,0,1281
Montana,Silver Bow,2000,366,324,36,3,3,0,0,191,55,22,194,0,0,60,112,1284
Montana,Yellowstone,2000,348,323,24,1,0,0,0,102,44,18,248,0,0,93,7,1302
Nebraska,Cass,2000,164,117,46,1,0,0,0,109,60,33,0,0,0,78,86,1326
Nebraska,Cedar,2000,104,82,22,0,0,0,0,91,63,31,0,0,0,104,0,1329
Nebraska,Cherry,2000,99,94,5,0,0,0,0,90,37,15,0,0,0,99,0,1333
Nebraska,Dawson,2000,61,42,19,0,0,0,0,88,64,34,0,0,0,0,61,1349
Nebraska,Deuel,2000,84,82,2,0,0,0,0,63,38,21,0,0,0,84,0,1351
Nebraska,Douglas,2000,366,190,167,9,0,0,0,131,79,49,13,0,108,215,30,1358
Nebraska,Hall,2000,110,80,29,1,0,0,0,112,62,31,0,0,0,110,0,1402
Nebraska,Lancaster,2000,366,318,48,0,0,0,0,93,55,32,110,0,184,72,0,1324
Nebraska,Lincoln,2000,111,96,15,0,0,0,0,73,54,25,0,0,0,111,0,1327
Nebraska,Sarpy,2000,81,57,24,0,0,0,0,84,65,35,0,0,0,81,0,1368
Nebraska,Scotts Bluff,2000,96,93,3,0,0,0,0,71,43,24,0,0,0,96,0,1373
Nebraska,Washington,2000,91,67,24,0,0,0,0,95,62,36,0,0,0,91,0,1387
Nevada,Carson City,2000,366,281,85,0,0,0,0,97,67,44,38,0,328,0,0,1428
Nevada,Clark,2000,366,78,232,54,1,0,1,404,112,67,4,28,215,64,55,1399
Nevada,Douglas,2000,366,252,109,5,0,0,0,140,77,45,29,0,334,3,0,1400
Nevada,Elko,2000,243,233,10,0,0,0,0,66,43,17,0,0,0,36,207,1401
Nevada,Lander,2000,344,336,6,1,1,0,0,154,30,16,0,0,0,0,344,1408
Nevada,Washoe,2000,366,231,132,3,0,0,0,107,78,47,31,8,294,21,12,1423
Nevada,White Pine,2000,349,235,102,12,0,0,0,129,84,45,0,0,347,2,0,1425
New Hampshire,Belknap,2000,15,11,4,0,0,0,0,76,72,37,0,0,0,15,0,1432
New Hampshire,Carroll,2000,214,204,9,1,0,0,0,108,44,32,0,0,214,0,0,1435
New Hampshire,Cheshire,2000,242,211,30,0,1,0,0,166,56,33,0,0,192,31,19,1437
New Hampshire,Coos,2000,202,148,53,1,0,0,0,112,66,41,0,0,116,58,28,1440
New Hampshire,Grafton,2000,365,349,15,1,0,0,0,122,46,33,0,0,365,0,0,1442
New Hampshire,Hillsborough,2000,366,303,60,2,1,0,0,161,61,34,32,86,173,71,4,1443
New Hampshire,Merrimack,2000,256,221,33,2,0,0,0,119,55,30,0,0,174,69,13,1444
New Hampshire,Rockingham,2000,364,319,42,3,0,0,0,136,55,33,0,126,189,45,4,1448
New Hampshire,Strafford,2000,239,223,14,2,0,0,0,105,48,31,0,0,211,0,28,1453
New Hampshire,Sullivan,2000,241,216,23,1,1,0,0,159,51,31,0,0,196,30,15,1454
New Jersey,Atlantic,2000,358,275,69,11,3,0,0,185,74,37,0,0,308,49,1,1461
New Jersey,Bergen,2000,366,287,66,12,1,0,0,159,77,28,157,0,112,94,3,1465
New Jersey,Burlington,2000,366,366,0,0,0,0,0,44,22,10,366,0,0,0,0,1470
New Jersey,Camden,2000,366,212,119,25,7,3,0,217,100,45,1,111,186,66,2,1472
New Jersey,Cumberland,2000,366,296,50,16,2,2,0,208,80,33,0,0,366,0,0,1482
New Jersey,Essex,2000,358,218,135,4,1,0,0,156,73,46,0,279,0,79,0,1483
New Jersey,Gloucester,2000,365,248,89,20,5,3,0,219,90,39,0,0,297,68,0,1484
New Jersey,Hudson,2000,366,209,139,14,4,0,0,195,87,47,4,204,79,79,0,1487
New Jersey,Hunterdon,2000,366,300,41,17,7,1,0,201,80,34,0,0,366,0,0,1488
New Jersey,Mercer,2000,366,250,88,16,9,3,0,216,90,41,0,95,203,68,0,1493
New Jersey,Middlesex,2000,366,250,89,18,8,1,0,207,84,42,3,145,170,48,0,1497
New Jersey,Monmouth,2000,366,313,38,10,4,1,0,214,67,28,144,0,222,0,0,1504
New Jersey,Morris,2000,366,261,84,15,5,1,0,209,80,40,5,64,235,62,0,1511
New Jersey,Ocean,2000,273,169,70,24,6,4,0,227,105,44,0,0,214,59,0,1546
New Jersey,Passaic,2000,251,167,68,15,1,0,0,179,86,43,0,0,181,70,0,1551
New Jersey,Union,2000,366,118,226,21,1,0,0,162,91,60,0,221,0,144,1,1566
New Jersey,Warren,2000,104,52,49,3,0,0,0,126,76,52,0,0,0,104,0,1570
New Mexico,Bernalillo,2000,366,138,196,32,0,0,0,147,100,55,0,28,235,50,53,1574
New Mexico,Catron,2000,71,67,4,0,0,0,0,77,36,15,0,0,0,71,0,1576
New Mexico,Chaves,2000,149,142,7,0,0,0,0,76,41,26,0,0,0,136,13,1578
New Mexico,Doña Ana,
New Mexico,Eddy,2000,366,262,101,3,0,0,0,115,71,43,0,12,302,52,0,1592
New Mexico,Grant,2000,163,162,1,0,0,0,0,52,34,20,0,0,0,113,50,1594
New Mexico,Hidalgo,2000,53,53,0,0,0,0,0,44,19,9,0,0,0,0,53,1600
New Mexico,Lea,2000,131,122,9,0,0,0,0,59,46,26,0,0,0,116,15,1604
New Mexico,Los Alamos,2000,101,100,1,0,0,0,0,66,21,12,0,0,0,101,0,1618
New Mexico,Luna,2000,51,51,0,0,0,0,0,36,28,15,0,0,0,0,51,1622
New Mexico,Otero,2000,56,54,2,0,0,0,0,56,34,16,0,0,0,0,56,1633
New Mexico,Rio Arriba,2000,45,45,0,0,0,0,0,39,18,8,0,0,0,45,0,1639
New Mexico,San Juan,2000,366,220,118,28,0,0,0,150,93,47,0,33,317,16,0,1650
New Mexico,Sandoval,2000,366,197,158,11,0,0,0,133,93,49,0,43,277,46,0,1646
New Mexico,Santa Fe,2000,366,365,1,0,0,0,0,54,25,13,143,0,0,141,82,1654
New Mexico,Socorro,2000,70,70,0,0,0,0,0,45,29,17,0,0,0,70,0,1659
New Mexico,Taos,2000,218,217,1,0,0,0,0,54,36,23,0,0,0,172,46,1662
New Mexico,Valencia,2000,362,238,120,4,0,0,0,112,77,45,0,0,362,0,0,1670
New York,Albany,2000,362,299,60,2,1,0,0,159,65,33,14,0,262,86,0,1673
New York,Bronx,2000,366,139,207,18,2,0,0,195,88,55,0,142,18,206,0,1681
New York,Broome,2000,101,62,39,0,0,0,0,91,71,40,0,0,0,101,0,1683
New York,Chautauqua,2000,366,266,81,15,3,1,0,204,87,39,0,0,325,41,0,1694
New York,Chemung,2000,346,307,33,5,1,0,0,161,54,33,0,0,346,0,0,1696
New York,Columbia,2000,51,51,0,0,0,0,0,34,23,10,0,0,0,0,51,1704
New York,Dutchess,2000,365,296,55,12,2,0,0,182,67,35,0,0,302,63,0,1711
New York,Erie,2000,366,238,118,7,3,0,0,187,77,44,0,159,120,87,0,1723
New York,Essex,2000,362,266,77,18,1,0,0,195,77,42,0,0,328,34,0,1728
New York,Franklin,2000,44,44,0,0,0,0,0,14,11,6,0,0,0,0,44,1731
New York,Hamilton,2000,360,329,27,3,1,0,0,185,49,35,0,0,360,0,0,1742
New York,Herkimer,2000,351,335,14,1,1,0,0,166,46,34,0,0,351,0,0,1745
New York,Jefferson,2000,257,229,22,5,1,0,0,179,51,33,0,0,257,0,0,1782
New York,Kings,2000,365,288,73,3,1,0,0,161,66,25,245,0,0,120,0,1788
New York,Madison,2000,346,310,31,4,1,0,0,166,51,35,0,0,346,0,0,1796
New York,Monroe,2000,366,296,66,3,1,0,0,166,61,31,25,0,269,72,0,1804
New York,Nassau,2000,358,279,76,3,0,0,0,114,63,39,8,267,0,83,0,1839
New York,New York,2000,366,107,221,31,6,1,0,208,101,59,1,114,53,198,0,1847
New York,Niagara,2000,366,285,72,7,2,0,0,156,65,36,6,0,282,78,0,1850
New York,Oneida,2000,364,299,62,2,1,0,0,179,61,34,0,0,299,65,0,1852
New York,Onondaga,2000,366,291,66,8,1,0,0,179,64,33,28,0,265,73,0,1853
New York,Orange,2000,239,167,62,9,1,0,0,177,80,40,0,0,174,65,0,1859
New York,Putnam,2000,213,175,25,12,1,0,0,187,74,36,0,0,213,0,0,1870
New York,Queens,2000,366,211,141,11,2,1,0,213,77,47,0,246,60,60,0,1872
New York,Richmond,2000,264,154,85,15,9,1,0,214,100,44,0,0,177,86,1,1876
New York,Saratoga,2000,348,319,24,4,1,0,0,179,48,33,0,0,348,0,0,1885
New York,Schenectady,2000,366,319,43,3,1,0,0,159,57,31,25,0,277,64,0,1887
New York,St. Lawrence,2000,107,92,15,0,0,0,0,74,53,26,0,0,0,107,0,1883
New York,Steuben,2000,305,228,77,0,0,0,0,99,63,32,0,0,0,305,0,1891
New York,Suffolk,2000,366,266,82,13,3,2,0,216,80,39,1,88,229,48,0,1924
New York,Tompkins,2000,348,297,40,11,0,0,0,150,67,38,0,0,348,0,0,1933
New York,Ulster,2000,360,312,38,9,1,0,0,164,58,35,0,0,360,0,0,1935
New York,Wayne,2000,333,305,25,2,1,0,0,166,49,32,0,0,333,0,0,1952
New York,Westchester,2000,355,287,56,10,1,1,0,205,64,32,0,0,293,62,0,1960
North Carolina,Alamance,2000,104,37,66,1,0,0,0,104,76,56,0,0,0,104,0,1967
North Carolina,Alexander,2000,211,94,64,48,5,0,0,182,126,58,0,0,211,0,0,1968
North Carolina,Avery,2000,365,211,117,34,3,0,0,172,101,47,0,0,353,12,0,1977
North Carolina,Buncombe,2000,260,129,110,15,6,0,0,179,93,51,0,0,176,84,0,1422
North Carolina,Cabarrus,2000,115,36,78,1,0,0,0,118,86,56,0,0,0,114,1,1426
North Carolina,Caldwell,2000,203,97,72,31,3,0,0,164,115,51,0,0,203,0,0,1429
North Carolina,Camden,2000,210,157,49,4,0,0,0,147,74,42,0,0,210,0,0,1433
North Carolina,Carteret,2000,362,278,72,12,0,0,0,147,77,39,0,0,362,0,0,1447
North Carolina,Caswell,2000,262,125,95,33,9,0,0,192,115,52,0,0,185,77,0,1449
North Carolina,Catawba,2000,118,35,79,4,0,0,0,148,89,59,0,0,0,115,3,1450
North Carolina,Chatham,2000,256,141,101,14,0,0,0,147,90,47,0,0,167,89,0,1451
North Carolina,Cumberland,2000,366,200,129,32,5,0,0,182,101,47,106,0,183,76,1,1464
North Carolina,Davidson,2000,114,30,81,3,0,0,0,129,84,61,0,0,0,109,5,1489
North Carolina,Davie,2000,213,92,53,52,16,0,0,179,140,61,0,0,213,0,0,1490
North Carolina,Duplin,2000,261,136,109,15,1,0,0,164,90,49,0,0,195,66,0,1492
North Carolina,Durham,2000,364,126,201,31,6,0,0,182,103,59,6,0,105,253,0,1494
North Carolina,Edgecombe,2000,262,122,108,29,3,0,0,174,105,53,0,0,184,75,3,1495
North Carolina,Forsyth,2000,366,110,203,42,11,0,0,172,112,58,0,15,109,242,0,1496
North Carolina,Franklin,2000,213,117,71,21,4,0,0,179,105,48,0,0,213,0,0,1498
North Carolina,Gaston,2000,121,39,81,1,0,0,0,104,82,58,0,0,0,120,1,1499
North Carolina,Granville,2000,214,126,52,28,8,0,0,169,112,47,1,0,213,0,0,1503
North Carolina,Guilford,2000,366,116,214,28,8,0,0,185,100,59,14,0,106,246,0,1506
North Carolina,Harnett,2000,60,60,0,0,0,0,0,48,40,23,0,0,0,0,60,1509
North Carolina,Haywood,2000,299,110,137,45,7,0,0,174,115,59,0,0,232,65,2,1512
North Carolina,Henderson,2000,55,54,1,0,0,0,0,51,31,20,0,0,0,0,55,1514
North Carolina,Hyde,2000,53,41,12,0,0,0,0,69,57,34,0,0,0,53,0,1521
North Carolina,Jackson,2000,223,76,108,36,3,0,0,174,112,64,0,0,191,32,0,1528
North Carolina,Johnston,2000,213,118,69,24,2,0,0,197,101,50,0,0,213,0,0,1530
North Carolina,Lenoir,2000,263,134,108,19,2,0,0,182,93,50,0,0,189,74,0,1542
North Carolina,Lincoln,2000,212,100,62,37,13,0,0,197,129,54,0,0,212,0,0,1545
North Carolina,Macon,2000,359,271,77,9,2,0,0,156,71,42,0,0,359,0,0,1556
North Carolina,Martin,2000,211,118,64,28,1,0,0,159,112,49,0,0,211,0,0,1563
North Carolina,McDowell,2000,120,43,73,3,1,0,0,166,86,57,0,0,0,116,4,1554
North Carolina,Mecklenburg,2000,366,90,213,43,17,3,0,222,122,63,1,20,116,229,0,1565
North Carolina,Mitchell,2000,120,45,70,4,1,0,0,153,87,56,0,0,0,116,4,1568
North Carolina,Montgomery,2000,354,202,129,22,1,0,0,159,93,46,0,0,302,52,0,1573
North Carolina,New Hanover,2000,366,249,94,21,2,0,0,182,90,40,107,0,200,59,0,1602
North Carolina,Northampton,2000,212,124,75,12,1,0,0,151,90,45,0,0,212,0,0,1606
North Carolina,Onslow,2000,120,61,59,0,0,0,0,98,66,50,0,0,0,117,3,1625
North Carolina,Orange,2000,179,111,68,0,0,0,0,89,69,40,65,0,0,114,0,1630
North Carolina,Pasquotank,2000,114,66,47,1,0,0,0,105,67,45,0,0,0,104,10,1714
North Carolina,Person,2000,214,114,73,26,1,0,0,154,105,49,0,0,214,0,0,1729
North Carolina,Pitt,2000,259,119,109,28,2,1,0,204,108,53,0,0,182,77,0,1733
North Carolina,Robeson,2000,41,15,26,0,0,0,0,81,69,55,0,0,0,41,0,1747
North Carolina,Rockingham,2000,213,132,59,20,2,0,0,182,101,45,0,0,213,0,0,1751
North Carolina,Rowan,2000,214,96,65,40,13,0,0,200,133,58,0,0,214,0,0,1754
North Carolina,Swain,2000,261,150,106,5,0,0,0,119,74,48,0,0,173,82,6,1784
North Carolina,Union,2000,198,130,51,14,3,0,0,154,90,44,0,0,198,0,0,1798
North Carolina,Wake,2000,366,125,176,51,13,1,0,209,119,60,8,0,153,201,4,1805
North Carolina,Wayne,2000,117,40,75,2,0,0,0,111,78,58,0,0,0,114,3,1814
North Carolina,Yancey,2000,185,68,88,25,4,0,0,179,115,64,0,0,185,0,0,1823
North Dakota,Billings,2000,366,349,17,0,0,0,0,74,48,36,0,0,355,11,0,1833
North Dakota,Burke,2000,365,357,8,0,0,0,0,70,29,9,0,234,0,120,11,1841
North Dakota,Burleigh,2000,124,117,7,0,0,0,0,70,47,27,0,0,0,124,0,1844
North Dakota,Cass,2000,366,334,31,1,0,0,0,101,49,33,0,39,284,43,0,1848
North Dakota,Dunn,2000,366,366,0,0,0,0,0,50,43,30,0,85,281,0,0,2013
North Dakota,Grand Forks,2000,113,91,22,0,0,0,0,84,59,26,0,0,0,113,0,2043
North Dakota,McKenzie,2000,61,61,0,0,0,0,0,16,9,6,0,0,0,0,61,2097
North Dakota,McLean,2000,61,61,0,0,0,0,0,21,14,6,0,0,0,0,61,2103
North Dakota,Mercer,2000,366,362,4,0,0,0,0,94,44,31,0,23,322,21,0,2107
North Dakota,Oliver,2000,365,359,6,0,0,0,0,54,45,32,0,2,363,0,0,2127
North Dakota,Stark,2000,59,58,1,0,0,0,0,51,37,21,0,0,0,59,0,2182
North Dakota,Steele,2000,366,351,14,1,0,0,0,106,44,31,0,0,349,17,0,2186
Ohio,Allen,2000,235,183,45,4,3,0,0,177,74,42,0,0,210,0,25,2250
Ohio,Ashtabula,2000,212,138,53,18,2,1,0,201,100,44,0,0,212,0,0,2259
Ohio,Athens,2000,98,53,45,0,0,0,0,93,73,45,0,0,0,82,16,2266
Ohio,Belmont,2000,59,54,5,0,0,0,0,59,49,24,0,0,0,0,59,2278
Ohio,Butler,2000,366,118,219,25,4,0,0,195,97,60,0,0,156,206,4,2286
Ohio,Clark,2000,234,115,103,12,3,1,0,209,93,51,0,0,194,40,0,2300
Ohio,Clermont,2000,206,122,62,15,7,0,0,187,101,48,0,0,206,0,0,2306
Ohio,Clinton,2000,214,112,80,14,7,1,0,205,105,50,0,0,214,0,0,2310
Ohio,Columbiana,2000,47,38,9,0,0,0,0,88,73,31,0,0,0,0,47,2315
Ohio,Crawford,2000,347,282,56,8,1,0,0,195,74,36,0,0,347,0,0,2323
Ohio,Cuyahoga,2000,366,91,234,35,6,0,0,174,102,67,4,27,36,282,17,2332
Ohio,Delaware,2000,214,148,55,10,1,0,0,177,84,45,0,0,214,0,0,2352
Ohio,Fayette,2000,358,264,73,17,3,1,0,201,87,39,0,0,358,0,0,2368
Ohio,Franklin,2000,366,98,241,26,1,0,0,179,93,62,0,0,81,275,10,2375
Ohio,Geauga,2000,213,145,52,13,3,0,0,190,97,45,0,0,213,0,0,2390
Ohio,Greene,2000,233,169,54,8,1,1,0,201,77,43,0,0,209,0,24,2393
Ohio,Hamilton,2000,366,62,270,31,3,0,0,187,100,65,0,28,60,278,0,2411
Ohio,Hancock,2000,50,50,0,0,0,0,0,44,35,25,0,0,0,0,50,2427
Ohio,Jefferson,2000,366,112,232,18,4,0,0,177,91,59,36,0,80,247,3,2476
Ohio,Knox,2000,214,138,60,10,5,1,0,207,93,45,0,0,214,0,0,2479
Ohio,Lake,2000,366,266,81,16,3,0,0,187,84,38,102,0,185,76,3,2493
Ohio,Lawrence,2000,259,120,120,17,2,0,0,164,100,53,0,0,175,78,6,2499
Ohio,Licking,2000,224,148,61,11,3,1,0,201,90,45,0,0,213,0,11,2504
Ohio,Lorain,2000,252,179,67,4,2,0,0,182,78,36,0,0,73,81,98,2516
Ohio,Lucas,2000,365,175,172,17,1,0,0,156,90,52,0,0,115,188,62,2520
Ohio,Madison,2000,213,124,69,16,2,2,0,203,100,48,0,0,213,0,0,2529
Ohio,Mahoning,2000,350,125,206,18,1,0,0,185,88,56,0,0,62,281,7,2534
Ohio,Medina,2000,213,156,48,7,2,0,0,182,80,43,0,0,213,0,0,2545
Ohio,Miami,2000,214,137,64,10,3,0,0,192,87,46,0,0,214,0,0,2558
Ohio,Monroe,2000,59,59,0,0,0,0,0,50,37,21,0,0,0,0,59,2565
Ohio,Montgomery,2000,366,98,243,23,2,0,0,192,95,62,9,0,74,281,2,2573
Ohio,Noble,2000,353,252,80,19,2,0,0,172,93,40,0,0,353,0,0,2012
Ohio,Ottawa,2000,60,60,0,0,0,0,0,44,36,22,0,0,0,0,60,2019
Ohio,Portage,2000,255,138,96,18,3,0,0,182,90,48,0,0,166,89,0,2038
Ohio,Preble,2000,233,131,92,9,1,0,0,164,84,48,0,0,180,53,0,2039
Ohio,Richland,2000,159,159,0,0,0,0,0,50,34,19,0,0,0,0,159,2042
Ohio,Sandusky,2000,61,60,1,0,0,0,0,51,37,22,0,0,0,0,61,2047
Ohio,Scioto,2000,274,217,53,3,1,0,0,151,71,21,0,0,0,65,209,2048
Ohio,Seneca,2000,181,177,4,0,0,0,0,77,31,18,0,0,0,0,181,2049
Ohio,Stark,2000,365,214,126,20,5,0,0,190,88,45,49,0,170,92,54,2054
Ohio,Summit,2000,366,109,231,23,3,0,0,185,90,59,3,0,82,274,7,2057
Ohio,Trumbull,2000,351,137,193,19,2,0,0,190,92,55,0,0,109,241,1,2061
Ohio,Warren,2000,213,142,57,10,4,0,0,200,87,45,0,0,213,0,0,2076
Ohio,Washington,2000,285,201,66,15,3,0,0,179,87,42,0,0,204,0,81,2080
Ohio,Wood,2000,211,158,45,7,1,0,0,151,74,41,0,0,211,0,0,2091
Ohio,Wyandot,2000,169,165,4,0,0,0,0,64,39,19,0,0,0,0,169,2093
Oklahoma,Caddo,2000,40,28,12,0,0,0,0,71,64,38,0,0,0,40,0,2118
Oklahoma,Canadian,2000,56,36,20,0,0,0,0,85,70,38,0,0,0,56,0,2123
Oklahoma,Carter,2000,111,76,35,0,0,0,0,81,61,38,0,0,0,111,0,2126
Oklahoma,Cherokee,2000,366,250,85,26,5,0,0,185,93,40,0,52,215,34,65,2129
Oklahoma,Cleveland,2000,363,271,71,19,2,0,0,154,84,39,3,90,270,0,0,2140
Oklahoma,Comanche,2000,366,243,94,26,3,0,0,169,97,44,1,0,329,36,0,2145
Oklahoma,Custer,2000,62,46,16,0,0,0,0,99,61,36,0,0,0,50,12,2153
Oklahoma,Garfield,2000,354,310,41,3,0,0,0,115,53,19,0,258,0,96,0,2167
Oklahoma,Jefferson,2000,274,165,83,19,7,0,0,166,100,46,0,0,274,0,0,2206
Oklahoma,Kay,2000,366,229,107,27,3,0,0,161,94,43,0,53,210,53,50,2215
Oklahoma,Latimer,2000,342,323,18,1,0,0,0,101,47,27,0,2,340,0,0,2226
Oklahoma,Lincoln,2000,50,31,19,0,0,0,0,72,67,40,0,0,0,50,0,2234
Oklahoma,Love,2000,275,156,79,28,11,1,0,205,108,47,0,0,275,0,0,2238
Oklahoma,Marshall,2000,271,168,72,26,5,0,0,192,105,46,0,0,271,0,0,2265
Oklahoma,Mayes,2000,335,295,40,0,0,0,0,93,54,21,0,236,0,99,0,2270
Oklahoma,McClain,2000,298,201,70,25,2,0,0,161,100,44,0,0,298,0,0,2245
Oklahoma,Muskogee,2000,359,315,44,0,0,0,0,96,56,21,0,263,0,77,19,2281
Oklahoma,Oklahoma,2000,366,183,154,24,5,0,0,154,94,51,8,44,164,149,1,2303
Oklahoma,Ottawa,2000,55,29,25,1,0,0,0,110,73,48,0,0,0,55,0,2325
Oklahoma,Pawnee,2000,40,26,14,0,0,0,0,74,64,40,0,0,0,40,0,2329
Oklahoma,Payne,2000,54,36,18,0,0,0,0,71,63,44,0,0,0,54,0,2340
Oklahoma,Pittsburg,2000,115,76,39,0,0,0,0,92,62,38,0,0,0,102,13,2344
Oklahoma,Pottawatomie,2000,51,34,17,0,0,0,0,77,64,45,0,0,0,51,0,2356
Oklahoma,Seminole,2000,49,26,23,0,0,0,0,74,67,44,0,0,0,49,0,2384
Oklahoma,Tulsa,2000,366,148,177,32,7,2,0,219,105,55,1,41,166,158,0,2008
Oregon,Benton,2000,120,98,21,1,0,0,0,107,65,23,0,0,0,120,0,2053
Oregon,Clackamas,2000,198,186,11,1,0,0,0,101,45,28,0,0,154,43,1,2058
Oregon,Columbia,2000,217,199,18,0,0,0,0,87,47,28,0,0,138,79,0,2070
Oregon,Deschutes,2000,356,302,52,2,0,0,0,111,57,26,42,0,0,273,41,2109
Oregon,Harney,2000,46,33,11,2,0,0,0,106,67,27,0,0,0,46,0,2134
Oregon,Jackson,2000,366,220,124,21,1,0,0,151,87,46,30,0,137,194,5,2139
Oregon,Josephine,2000,272,242,30,0,0,0,0,99,53,27,131,0,0,138,3,2152
Oregon,Klamath,2000,355,271,75,8,1,0,0,155,71,25,20,0,0,327,8,2155
Oregon,Lake,2000,336,294,35,7,0,0,0,138,55,20,0,0,0,311,25,2159
Oregon,Lane,2000,366,224,111,25,6,0,0,161,95,44,14,0,109,240,3,2170
Oregon,Linn,2000,115,93,20,2,0,0,0,122,72,26,0,0,0,115,0,2181
Oregon,Marion,2000,345,299,46,0,0,0,0,95,55,31,127,0,145,73,0,2200
Oregon,Multnomah,2000,366,249,112,3,2,0,0,176,70,38,34,29,0,302,1,2218
Oregon,Umatilla,2000,341,264,71,6,0,0,0,117,65,27,0,0,0,323,18,2251
Oregon,Union,2000,346,304,41,1,0,0,0,111,53,21,0,0,0,315,31,2257
Oregon,Wallowa,2000,34,34,0,0,0,0,0,44,26,13,0,0,0,34,0,2263
Oregon,Wasco,2000,60,46,13,1,0,0,0,103,67,33,0,0,0,60,0,2267
Oregon,Washington,2000,123,86,35,2,0,0,0,117,73,30,0,0,0,123,0,2272
Pennsylvania,Adams,2000,366,192,143,28,3,0,0,179,93,48,0,0,212,154,0,2292
Pennsylvania,Allegheny,2000,366,84,225,45,12,0,0,195,119,67,0,25,85,249,7,2302
Pennsylvania,Armstrong,2000,210,162,35,11,2,0,0,182,80,39,0,0,210,0,0,2309
Pennsylvania,Beaver,2000,366,233,111,19,3,0,0,187,80,44,1,125,166,71,3,2321
Pennsylvania,Berks,2000,366,245,104,14,3,0,0,197,80,42,2,156,125,83,0,2326
Pennsylvania,Blair,2000,366,319,36,9,2,0,0,177,58,35,9,169,184,0,4,2328
Pennsylvania,Bucks,2000,365,248,89,15,11,2,0,227,90,39,1,165,136,55,8,2336
Pennsylvania,Cambria,2000,366,256,89,17,4,0,0,182,80,39,2,144,141,77,2,2341
Pennsylvania,Centre,2000,366,278,69,16,3,0,0,197,74,40,0,0,339,27,0,2354
Pennsylvania,Chester,2000,120,88,27,4,1,0,0,154,84,38,0,0,120,0,0,2360
Pennsylvania,Clearfield,2000,214,161,39,12,2,0,0,197,87,44,0,0,214,0,0,2372
Pennsylvania,Cumberland,2000,289,135,146,8,0,0,0,148,79,52,0,0,0,289,0,2397
Pennsylvania,Dauphin,2000,366,185,153,21,7,0,0,190,97,50,1,58,107,199,1,2403
Pennsylvania,Delaware,2000,364,238,106,14,5,1,0,206,80,43,0,173,108,82,1,2414
Pennsylvania,Elk,2000,353,292,48,12,1,0,0,169,64,38,0,0,353,0,0,2420
Pennsylvania,Erie,2000,366,286,70,8,2,0,0,177,67,38,35,121,162,47,1,2425
Pennsylvania,Franklin,2000,207,119,60,25,3,0,0,179,108,47,0,0,207,0,0,2439
Pennsylvania,Greene,2000,215,104,81,24,5,1,0,202,115,51,12,0,203,0,0,2447
Pennsylvania,Lackawanna,2000,366,218,134,13,1,0,0,200,80,45,1,59,117,189,0,2471
Pennsylvania,Lancaster,2000,366,244,98,19,4,1,0,201,87,39,1,135,148,79,3,2482
Pennsylvania,Lawrence,2000,366,324,39,3,0,0,0,115,52,37,1,194,127,0,44,2488
Pennsylvania,Lehigh,2000,366,181,155,24,5,1,0,207,91,51,3,35,110,213,5,2496
Pennsylvania,Luzerne,2000,366,208,144,13,0,1,0,201,79,46,1,42,109,214,0,2501
Pennsylvania,Lycoming,2000,223,191,27,4,1,0,0,179,61,36,0,0,213,0,10,2505
Pennsylvania,Mercer,2000,366,288,62,14,2,0,0,200,84,37,0,0,338,28,0,2513
Pennsylvania,Montgomery,2000,363,230,103,19,9,2,0,228,90,42,2,162,132,66,1,2528
Pennsylvania,Northampton,2000,366,189,150,22,3,2,0,212,93,49,1,62,118,166,19,2537
Pennsylvania,Perry,2000,365,285,72,6,2,0,0,169,67,35,0,123,161,81,0,2554
Pennsylvania,Philadelphia,2000,366,137,200,23,5,1,0,212,93,57,1,104,70,188,3,2563
Pennsylvania,Schuylkill,2000,366,366,0,0,0,0,0,17,11,3,366,0,0,0,0,2581
Pennsylvania,Somerset,2000,331,309,22,0,0,0,0,90,48,31,0,0,331,0,0,2589
Pennsylvania,Tioga,2000,214,161,39,12,2,0,0,174,84,44,0,0,214,0,0,2305
Pennsylvania,Washington,2000,366,155,191,17,3,0,0,200,86,54,0,38,93,231,4,2346
Pennsylvania,Westmoreland,2000,366,263,91,10,2,0,0,174,75,38,1,138,147,77,3,2394
Pennsylvania,York,2000,366,226,113,22,4,1,0,201,88,44,3,147,136,79,1,2419
Puerto Rico,Barceloneta,2000,46,43,3,0,0,0,0,69,43,18,0,0,0,0,46,3074
Puerto Rico,Bayamon,2000,112,104,8,0,0,0,0,86,44,25,0,0,0,97,15,3078
Puerto Rico,Carolina,2000,52,48,4,0,0,0,0,70,37,19,0,0,0,0,52,3090
Puerto Rico,Catano,2000,350,244,90,16,0,0,0,106,84,33,0,152,97,0,101,3092
Puerto Rico,Fajardo,2000,330,318,12,0,0,0,0,76,39,19,0,0,0,150,180,3110
Puerto Rico,Guayama,2000,117,107,10,0,0,0,0,78,47,25,0,0,0,64,53,3118
Puerto Rico,Guayanilla,2000,96,90,6,0,0,0,0,84,42,24,0,0,0,96,0,3121
Puerto Rico,Guaynabo,2000,340,274,66,0,0,0,0,77,56,37,0,0,0,198,142,3123
Puerto Rico,Humacao,2000,93,88,5,0,0,0,0,72,38,19,0,0,0,77,16,3129
Puerto Rico,Lares,2000,92,87,5,0,0,0,0,73,35,22,0,0,0,92,0,3142
Puerto Rico,Manati,2000,54,51,3,0,0,0,0,69,37,19,0,0,0,0,54,3152
Puerto Rico,Mayaguez,3159
Puerto Rico,Ponce,2000,114,100,13,1,0,0,0,105,53,31,0,0,0,80,34,3178
Puerto Rico,Rio Grande,2000,47,44,3,0,0,0,0,71,44,16,0,0,0,0,47,3184
Puerto Rico,San Juan,2000,366,269,97,0,0,0,0,87,58,42,197,0,0,126,43,3197
Puerto Rico,Vieques,2000,28,27,1,0,0,0,0,52,46,32,0,0,0,0,28,3217
Rhode Island,Kent,2000,232,174,43,10,5,0,0,182,74,38,0,6,145,78,3,2444
Rhode Island,Providence,2000,366,216,138,10,1,1,0,207,74,46,3,80,66,215,2,2475
Rhode Island,Washington,2000,238,175,53,8,1,1,0,222,77,40,0,0,159,79,0,2484
South Carolina,Abbeville,2000,219,98,89,29,3,0,0,159,105,54,0,0,219,0,0,2489
South Carolina,Aiken,2000,322,202,75,36,9,0,0,197,112,41,0,57,250,0,15,2503
South Carolina,Anderson,2000,308,164,89,52,3,0,0,192,119,48,0,0,308,0,0,2559
South Carolina,Barnwell,2000,343,228,84,25,6,0,0,185,97,41,0,38,296,0,9,2605
South Carolina,Beaufort,2000,113,60,53,0,0,0,0,94,69,48,0,0,0,113,0,2626
South Carolina,Berkeley,2000,344,259,70,12,3,0,0,174,80,38,0,0,344,0,0,2631
South Carolina,Charleston,2000,366,151,202,11,2,0,0,174,87,54,0,6,124,236,0,2691
South Carolina,Cherokee,2000,254,139,74,37,4,0,0,195,115,47,0,0,254,0,0,2700
South Carolina,Chester,2000,210,112,73,25,0,0,0,150,105,50,0,0,210,0,0,2704
South Carolina,Chesterfield,2000,103,52,51,0,0,0,0,90,73,50,0,0,0,103,0,2708
South Carolina,Colleton,2000,231,131,77,22,1,0,0,179,100,48,0,0,216,15,0,2718
South Carolina,Darlington,2000,336,223,89,20,4,0,0,187,93,42,0,0,336,0,0,2721
South Carolina,Edgefield,2000,358,210,128,19,1,0,0,154,87,47,0,0,282,76,0,2735
South Carolina,Fairfield,2000,59,58,1,0,0,0,0,57,35,21,0,0,0,0,59,2738
South Carolina,Florence,2000,114,48,65,1,0,0,0,130,76,53,0,0,0,114,0,2742
South Carolina,Georgetown,2000,365,273,90,2,0,0,0,104,65,33,0,0,0,110,255,2752
South Carolina,Greenville,2000,366,125,211,29,1,0,0,197,93,58,0,43,55,265,3,2759
South Carolina,Greenwood,2000,117,45,72,0,0,0,0,98,81,55,0,0,0,117,0,2764
South Carolina,Horry,2000,5,4,1,0,0,0,0,51,51,40,0,0,0,5,0,2774
South Carolina,Lexington,2000,352,187,162,3,0,0,0,146,73,48,0,0,0,105,247,2803
South Carolina,Oconee,2000,316,195,99,21,1,0,0,151,91,44,0,0,263,53,0,2822
South Carolina,Pickens,2000,219,88,91,38,2,0,0,174,115,61,0,0,219,0,0,2834
South Carolina,Richland,2000,366,163,146,50,7,0,0,192,115,54,1,37,222,69,37,2843
South Carolina,Spartanburg,2000,366,137,184,36,9,0,0,187,108,57,0,0,143,223,0,2851
South Carolina,Union,2000,353,243,92,17,1,0,0,154,90,41,0,0,353,0,0,2860
South Carolina,Williamsburg,2000,223,145,70,8,0,0,0,140,84,45,0,0,223,0,0,2864
South Carolina,York,2000,272,140,109,22,1,0,0,156,95,50,0,0,185,87,0,2867
South Dakota,Brookings,2000,133,111,22,0,0,0,0,91,58,28,0,0,0,88,45,2882
South Dakota,Brown,2000,103,84,19,0,0,0,0,77,54,30,0,0,0,84,19,2885
South Dakota,Custer,2000,94,90,4,0,0,0,0,55,27,11,0,0,0,94,0,2908
South Dakota,Jackson,2000,128,123,5,0,0,0,0,65,40,15,0,0,0,119,9,2939
South Dakota,Minnehaha,2000,346,297,48,1,0,0,0,101,61,32,0,0,282,59,5,2467
South Dakota,Pennington,2000,366,266,99,0,0,1,0,247,64,39,0,0,88,57,221,2497
Tennessee,Anderson,2000,222,118,67,30,7,0,0,182,126,50,0,0,222,0,0,2584
Tennessee,Blount,2000,365,143,157,54,11,0,0,185,119,58,0,0,295,70,0,2622
Tennessee,Bradley,2000,352,338,13,1,0,0,0,110,39,25,0,317,0,0,35,2627
Tennessee,Claiborne,2000,362,248,79,29,6,0,0,197,100,44,0,0,362,0,0,2670
Tennessee,Davidson,2000,366,82,245,38,1,0,0,177,101,61,3,5,85,273,0,2698
Tennessee,DeKalb,2000,350,248,78,23,1,0,0,164,90,42,0,0,350,0,0,2710
Tennessee,Dickson,2000,81,71,9,1,0,0,0,105,54,32,0,8,73,0,0,2717
Tennessee,Dyer,2000,106,45,61,0,0,0,0,93,73,53,0,0,0,106,0,2723
Tennessee,Greene,2000,55,49,6,0,0,0,0,61,52,27,0,0,0,0,55,2750
Tennessee,Hamilton,2000,289,117,121,40,9,2,0,205,122,56,0,0,194,94,1,2761
Tennessee,Haywood,2000,222,110,66,38,8,0,0,187,119,51,0,0,222,0,0,2781
Tennessee,Jefferson,2000,242,142,64,25,11,0,0,187,112,47,0,0,242,0,0,2804
Tennessee,Knox,2000,366,83,223,44,14,2,0,218,122,66,4,4,123,235,0,2814
Tennessee,Lawrence,2000,281,126,119,35,1,0,0,156,105,54,0,0,207,74,0,2823
Tennessee,Madison,2000,116,49,67,0,0,0,0,96,75,53,0,0,0,109,7,2841
Tennessee,Maury,2000,110,41,66,3,0,0,0,110,77,56,0,0,0,110,0,2850
Tennessee,McMinn,2000,363,276,82,5,0,0,0,138,66,29,0,259,0,91,13,2833
Tennessee,Meigs,2000,229,98,87,28,16,0,0,197,126,58,0,0,229,0,0,2854
Tennessee,Montgomery,2000,300,150,114,31,5,0,0,174,108,51,0,17,208,74,1,2859
Tennessee,Putnam,2000,271,96,126,40,9,0,0,182,119,62,0,0,215,56,0,2890
Tennessee,Roane,2000,323,161,128,28,5,1,0,203,105,51,0,24,220,77,2,2001
Tennessee,Rutherford,2000,244,139,68,32,5,0,0,166,112,48,0,0,244,0,0,2015
Tennessee,Sevier,2000,365,139,121,78,25,2,0,206,143,67,0,0,365,0,0,2030
Tennessee,Shelby,2000,366,94,215,40,16,1,0,201,122,63,0,18,140,207,1,2033
Tennessee,Sullivan,2000,366,204,121,31,8,2,0,210,105,48,2,101,186,77,0,2046
Tennessee,Sumner,2000,288,113,128,36,10,1,0,203,122,58,0,0,202,86,0,2050
Tennessee,Union,2000,365,303,61,1,0,0,0,101,55,26,0,0,0,0,365,2073
Tennessee,Williamson,2000,267,127,95,37,8,0,0,195,115,54,0,0,267,0,0,2105
Tennessee,Wilson,2000,258,129,87,37,5,0,0,182,115,51,0,0,258,0,0,2111
Texas,Bexar,2000,366,223,120,20,3,0,0,169,80,46,1,57,181,127,0,2203
Texas,Bowie,2000,119,49,70,0,0,0,0,93,73,55,0,0,0,119,0,2224
Texas,Brazoria,2000,364,316,39,7,1,1,0,216,58,30,0,0,319,45,0,2240
Texas,Brewster,2000,338,309,29,0,0,0,0,93,49,39,0,0,319,19,0,2262
Texas,Caldwell,2000,87,66,21,0,0,0,0,68,57,38,0,0,0,87,0,2320
Texas,Cameron,2000,366,334,31,1,0,0,0,101,49,31,9,0,290,62,5,2359
Texas,Collin,2000,366,226,85,36,18,1,0,201,129,44,0,0,314,52,0,2429
Texas,Culberson,2000,101,97,4,0,0,0,0,58,40,20,0,0,0,101,0,2491
Texas,Dallas,2000,366,129,188,34,12,3,0,204,115,58,0,41,124,200,1,2507
Texas,Denton,2000,363,276,43,30,12,2,0,206,112,35,0,65,298,0,0,2532
Texas,Ector,2000,56,49,7,0,0,0,0,63,54,31,0,0,0,56,0,2568
Texas,El Paso,2000,366,114,210,40,2,0,0,179,105,61,33,58,181,58,36,2588
Texas,Ellis,2000,364,247,67,36,13,1,0,203,119,42,0,24,331,0,9,2579
Texas,Galveston,2000,366,260,75,23,6,2,0,225,91,40,0,14,267,81,4,2059
Texas,Gregg,2000,361,222,96,29,14,0,0,195,108,44,0,11,288,62,0,2101
Texas,Harris,2000,366,84,209,31,26,16,0,241,159,60,0,49,121,184,12,2149
Texas,Hidalgo,2000,366,308,51,7,0,0,0,136,59,34,0,0,289,74,3,2188
Texas,Hood,2000,226,158,51,16,1,0,0,174,97,35,0,0,226,0,0,2213
Texas,Jefferson,2000,366,220,96,34,15,1,0,210,115,45,0,2,267,97,0,2285
Texas,Johnson,2000,232,166,46,18,2,0,0,172,97,35,0,0,232,0,0,2299
Texas,Kaufman,2000,99,92,5,2,0,0,0,133,48,27,0,18,81,0,0,2314
Texas,Lubbock,2000,115,103,11,1,0,0,0,101,51,28,0,0,0,104,11,2428
Texas,Marion,2000,360,236,84,29,10,1,0,205,112,44,0,16,289,55,0,2547
Texas,McLennan,2000,75,49,26,0,0,0,0,83,60,40,0,0,0,75,0,2477
Texas,Montgomery,2000,366,236,82,32,15,1,0,201,122,43,0,12,305,49,0,2682
Texas,Nueces,2000,366,296,58,11,1,0,0,161,64,36,0,0,287,69,10,2194
Texas,Orange,2000,366,278,55,28,5,0,0,172,97,38,0,27,307,32,0,2214
Texas,Parker,2000,144,104,26,12,2,0,0,179,100,36,0,0,144,0,0,2229
Texas,Potter,2000,57,52,5,0,0,0,0,64,47,26,0,0,0,57,0,2247
Texas,Rockwall,2000,142,95,24,18,5,0,0,185,112,33,0,0,142,0,0,2355
Texas,Smith,2000,354,244,76,29,5,0,0,161,100,42,0,8,346,0,0,2465
Texas,Tarrant,2000,366,137,178,36,15,0,0,200,122,56,0,32,132,201,1,2500
Texas,Travis,2000,366,177,154,25,10,0,0,187,100,52,0,5,162,199,0,2543
Texas,Victoria,2000,353,321,23,8,1,0,0,154,50,30,0,0,353,0,0,2595
Texas,Webb,2000,366,295,67,4,0,0,0,129,61,37,121,0,169,72,4,2616
Utah,Box Elder,2000,43,35,7,1,0,0,0,101,70,25,0,0,0,43,0,2658
Utah,Cache,2000,324,228,84,11,1,0,0,155,77,35,110,0,148,45,21,2661
Utah,Davis,2000,359,222,110,21,4,2,0,214,97,44,4,183,145,27,0,2671
Utah,Garfield,2000,101,100,1,0,0,0,0,53,20,9,0,0,0,101,0,2674
Utah,Grand,2000,57,56,1,0,0,0,0,52,33,17,0,0,0,0,57,2675
Utah,Salt Lake,2000,366,136,178,39,12,1,0,206,112,56,0,100,132,88,46,2690
Utah,San Juan,2000,344,223,110,11,0,0,0,129,77,45,0,0,339,5,0,2694
Utah,Tooele,2000,112,95,17,0,0,0,0,97,58,20,0,0,0,112,0,2707
Utah,Uintah,2000,16,16,0,0,0,0,0,23,16,5,0,0,0,0,16,2539
Utah,Utah,2000,366,166,173,21,6,0,0,200,97,53,6,128,134,84,14,2555
Utah,Washington,2000,83,83,0,0,0,0,0,42,24,13,0,0,0,83,0,2577
Utah,Wayne,2000,70,69,1,0,0,0,0,54,21,10,0,0,0,70,0,2580
Utah,Weber,2000,366,242,103,17,4,0,0,190,84,43,163,11,151,37,4,2587
Vermont,Bennington,2000,279,227,48,3,1,0,0,164,60,34,0,0,169,107,3,2591
Vermont,Chittenden,2000,316,272,40,4,0,0,0,133,56,36,2,79,176,58,1,2599
Vermont,Rutland,2000,360,316,43,1,0,0,0,121,54,23,20,238,0,101,1,2615
Vermont,Washington,2000,117,82,34,1,0,0,0,121,65,34,0,0,0,111,6,2617
Virginia,Alexandria,2712
Virginia,Arlington,2000,366,229,121,13,3,0,0,182,84,43,6,184,97,79,0,2753
Virginia,Bristol,2716
Virginia,Caroline,2000,351,296,45,9,1,0,0,156,64,31,0,141,210,0,0,2793
Virginia,Carroll,2000,55,54,1,0,0,0,0,53,37,16,0,0,0,0,55,2797
Virginia,Charles City,2806
Virginia,Charlottesville,2722
Virginia,Chesapeake,2724
Virginia,Chesterfield,2000,259,129,107,22,1,0,0,159,100,51,0,0,180,79,0,2816
Virginia,Culpeper,2000,60,60,0,0,0,0,0,37,30,16,0,0,0,0,60,2824
Virginia,Fairfax County,2849
Virginia,Fauquier,2000,214,152,51,10,1,0,0,154,84,42,0,0,214,0,0,2853
Virginia,Frederick,2000,214,159,45,8,2,0,0,156,84,39,0,0,214,0,0,2868
Virginia,Fredericksburg,2745
Virginia,Giles,2000,345,205,99,39,2,0,0,161,101,45,0,0,345,0,0,2873
Virginia,Hampton,2751
Virginia,Henrico,2000,261,134,108,17,2,0,0,169,93,50,0,0,168,93,0,2915
Virginia,King William,2000,61,61,0,0,0,0,0,40,31,15,0,0,0,0,61,2943
Virginia,Loudoun,2000,362,260,83,18,1,0,0,169,77,38,0,125,151,86,0,2952
Virginia,Lynchburg,2762
Virginia,Madison,2000,357,227,102,27,1,0,0,169,93,43,0,0,327,30,0,2955
Virginia,Newport News,2775
Virginia,Norfolk,2778
Virginia,Northumberland,2000,61,61,0,0,0,0,0,41,29,13,0,0,0,0,61,2983
Virginia,Page,2000,257,141,106,8,2,0,0,185,87,47,0,0,179,78,0,2986
Virginia,Prince Edward,2000,358,284,59,15,0,0,0,147,80,36,0,0,358,0,0,2990
Virginia,Prince William,2000,366,306,45,13,2,0,0,169,71,32,0,153,209,0,4,2992
Virginia,Richmond City,2000,366,164,197,5,0,0,0,134,80,54,0,82,0,283,1,2802
Virginia,Roanoke County,2996
Virginia,Roanoke City,2000,366,287,76,3,0,0,0,111,62,15,247,0,0,112,7,2805
Virginia,Rockbridge,2000,224,138,77,9,0,0,0,136,84,45,0,0,169,55,0,2997
Virginia,Rockingham,2000,60,58,2,0,0,0,0,54,39,21,0,0,0,0,60,2998
Virginia,Salem,2809
Virginia,Stafford,2000,214,145,55,13,1,0,0,151,93,44,0,0,214,0,0,2629
Virginia,Suffolk,2815
Virginia,Virginia Beach,2826
Virginia,Warren,2000,58,58,0,0,0,0,0,42,27,17,0,0,0,0,58,2662
Virginia,Winchester,2837
Virginia,Wise,2000,41,41,0,0,0,0,0,40,30,19,0,0,0,0,41,2695
Virginia,Wythe,2000,213,127,68,17,1,0,0,154,100,47,0,0,213,0,0,2699
Washington,Adams,2000,11,7,4,0,0,0,0,72,66,46,0,0,0,11,0,2840
Washington,Asotin,2000,59,56,3,0,0,0,0,74,49,22,0,0,0,0,59,2845
Washington,Benton,2000,336,291,41,4,0,0,0,138,58,19,0,0,0,76,260,2847
Washington,Chelan,2000,85,85,0,0,0,0,0,47,36,19,0,0,0,0,85,2852
Washington,Clallam,2000,324,305,19,0,0,0,0,96,39,25,0,0,283,41,0,2861
Washington,Clark,2000,366,311,49,6,0,0,0,134,58,32,140,0,127,99,0,2865
Washington,Cowlitz,2000,61,60,1,0,0,0,0,56,28,17,0,0,0,0,61,2871
Washington,Jefferson,2000,59,43,15,1,0,0,0,106,61,30,0,0,0,59,0,2905
Washington,King,2000,366,159,188,18,1,0,0,151,85,53,9,24,36,297,0,2913
Washington,Kitsap,2000,63,48,15,0,0,0,0,68,59,35,0,0,0,63,0,2927
Washington,Kittitas,2000,124,119,5,0,0,0,0,81,36,17,0,0,0,68,56,2932
Washington,Klickitat,2000,179,168,11,0,0,0,0,97,48,33,0,0,144,35,0,2935
Washington,Lewis,2000,195,180,15,0,0,0,0,98,48,29,0,0,120,75,0,2940
Washington,Pierce,2000,366,193,153,16,4,0,0,159,93,49,0,0,142,223,1,2956
Washington,Skagit,2000,353,343,10,0,0,0,0,72,40,27,0,0,323,30,0,2958
Washington,Snohomish,2000,366,243,112,11,0,0,0,129,76,40,24,0,0,342,0,2960
Washington,Spokane,2000,366,205,152,9,0,0,0,128,77,48,55,0,113,189,9,2961
Washington,Stevens,2000,108,99,8,0,1,0,0,155,46,23,0,0,0,0,108,2963
Washington,Thurston,2000,366,286,72,8,0,0,0,128,65,34,77,0,150,139,0,2967
Washington,Walla Walla,2000,119,107,11,1,0,0,0,131,54,20,0,0,0,0,119,2970
Washington,Whatcom,2000,235,210,25,0,0,0,0,79,51,30,0,0,135,97,3,2972
Washington,Whitman,2000,60,52,8,0,0,0,0,77,53,25,0,0,0,60,0,2973
Washington,Yakima,2000,366,345,18,3,0,0,0,124,35,15,261,0,0,53,52,2974
West Virginia,Berkeley,2000,113,42,66,5,0,0,0,132,81,55,0,0,0,109,4,2976
West Virginia,Brooke,2000,366,277,82,7,0,0,0,145,69,29,4,0,0,115,247,2979
West Virginia,Cabell,2000,262,130,111,21,0,0,0,150,93,51,0,0,163,96,3,2980
West Virginia,Gilmer,2000,347,289,50,7,1,0,0,151,74,34,0,0,347,0,0,3008
West Virginia,Greenbrier,2000,211,119,70,21,1,0,0,154,101,48,0,0,211,0,0,3013
West Virginia,Hancock,2000,366,239,115,12,0,0,0,150,76,42,23,0,120,103,120,3017
West Virginia,Harrison,2000,115,45,69,1,0,0,0,103,76,54,0,0,0,112,3,3021
West Virginia,Kanawha,2000,260,120,121,17,2,0,0,159,99,54,0,0,163,96,1,3027
West Virginia,Marion,2000,110,42,65,3,0,0,0,110,83,56,0,0,0,103,7,3039
West Virginia,Marshall,2000,113,47,64,2,0,0,0,107,83,55,0,0,0,105,8,3041
West Virginia,Mercer,2000,112,57,54,0,1,0,0,170,74,49,0,0,0,110,2,3044
West Virginia,Monongalia,2000,250,143,96,9,2,0,0,166,84,47,0,0,152,95,3,3050
West Virginia,Ohio,2000,366,273,85,6,2,0,0,156,75,36,105,0,168,90,3,3059
West Virginia,Raleigh,2000,120,60,59,1,0,0,0,102,75,52,0,0,0,116,4,3073
West Virginia,Summers,2000,118,84,34,0,0,0,0,93,67,34,0,0,0,113,5,3080
West Virginia,Tucker,2000,364,262,90,9,3,0,0,159,77,39,0,0,316,48,0,3084
West Virginia,Wood,2000,262,123,117,18,4,0,0,197,97,53,0,0,173,85,4,3097
Wisconsin,Brown,2000,247,180,60,6,1,0,0,154,77,40,0,0,165,82,0,3111
Wisconsin,Columbia,2000,184,150,29,4,1,0,0,151,67,42,0,0,184,0,0,3120
Wisconsin,Dane,2000,366,288,73,5,0,0,0,122,67,33,120,0,152,92,2,3124
Wisconsin,Dodge,2000,344,258,80,5,1,0,0,154,68,40,0,0,284,60,0,3126
Wisconsin,Door,2000,230,186,36,5,3,0,0,177,64,37,0,0,152,78,0,3131
Wisconsin,Douglas,2000,122,100,22,0,0,0,0,89,56,28,0,0,0,111,11,3134
Wisconsin,Florence,2000,173,146,25,2,0,0,0,122,61,37,0,0,173,0,0,3138
Wisconsin,Fond du Lac,2000,180,151,26,3,0,0,0,150,64,40,0,0,180,0,0,3140
Wisconsin,Grant,2000,51,31,19,1,0,0,0,113,78,36,0,0,0,51,0,3143
Wisconsin,Green,2000,72,57,12,2,1,0,0,156,67,38,0,0,72,0,0,3145
Wisconsin,Jefferson,2000,207,113,85,7,2,0,0,164,81,47,0,0,112,95,0,3154
Wisconsin,Kenosha,2000,244,152,77,11,4,0,0,159,87,45,0,0,170,74,0,3158
Wisconsin,Kewaunee,2000,184,159,20,2,3,0,0,156,58,41,0,0,184,0,0,3160
Wisconsin,Manitowoc,2000,242,173,61,6,2,0,0,197,71,41,0,0,169,73,0,3169
Wisconsin,Marathon,2000,186,155,26,5,0,0,0,150,61,39,0,0,165,0,21,3170
Wisconsin,Milwaukee,2000,366,153,200,11,2,0,0,156,87,55,0,64,84,217,1,3177
Wisconsin,Oneida,2000,162,141,19,2,0,0,0,115,51,36,0,0,162,0,0,3183
Wisconsin,Outagamie,2000,242,190,50,2,0,0,0,136,65,37,0,0,162,80,0,3185
Wisconsin,Ozaukee,2000,240,166,66,4,4,0,0,164,74,43,0,0,171,69,0,3186
Wisconsin,Racine,2000,362,321,32,8,1,0,0,154,54,22,180,0,182,0,0,3195
Wisconsin,Rock,2000,243,128,99,13,3,0,0,172,84,49,0,0,165,78,0,3198
Wisconsin,Sauk,2000,179,135,37,7,0,0,0,147,71,42,0,0,179,0,0,3202
Wisconsin,Sheboygan,2000,184,143,32,5,4,0,0,200,84,42,0,0,184,0,0,3207
Wisconsin,St. Croix,2000,209,160,42,7,0,0,0,122,74,40,0,0,177,32,0,3200
Wisconsin,Taylor,2000,364,329,31,4,0,0,0,133,50,35,0,0,364,0,0,3208
Wisconsin,Vernon,2000,181,153,23,5,0,0,0,133,61,40,0,0,181,0,0,3213
Wisconsin,Vilas,2000,210,187,21,2,0,0,0,122,51,34,0,0,170,39,1,3001
Wisconsin,Walworth,2000,184,134,41,9,0,0,0,143,87,44,0,0,184,0,0,3003
Wisconsin,Washington,2000,182,154,22,6,0,0,0,147,71,40,0,0,182,0,0,3005
Wisconsin,Waukesha,2000,366,180,177,8,1,0,0,151,79,51,7,0,100,258,1,3007
Wisconsin,Winnebago,2000,242,182,57,3,0,0,0,147,69,40,0,0,165,77,0,3012
Wisconsin,Wood,2000,115,75,38,2,0,0,0,111,71,33,0,0,0,115,0,3014
Wyoming,Albany,2000,357,185,159,11,2,0,0,172,87,50,0,0,347,2,8,3015
Wyoming,Campbell,2000,163,110,50,2,1,0,0,165,71,30,0,0,0,61,102,3020
Wyoming,Carbon,2000,60,57,3,0,0,0,0,88,46,17,0,0,0,0,60,3022
Wyoming,Converse,2000,96,90,6,0,0,0,0,62,41,20,0,0,0,45,51,3024
Wyoming,Fremont,2000,125,94,29,2,0,0,0,109,74,26,0,0,0,107,18,3028
Wyoming,Laramie,2000,116,111,5,0,0,0,0,57,37,21,0,0,0,106,10,3035
Wyoming,Lincoln,2000,359,346,12,1,0,0,0,108,34,15,0,0,0,0,359,3036
Wyoming,Natrona,2000,57,57,0,0,0,0,0,42,28,13,0,0,0,0,57,3038
Wyoming,Park,2000,110,104,6,0,0,0,0,85,36,13,0,0,0,55,55,3043
Wyoming,Platte,2000,61,59,2,0,0,0,0,81,31,14,0,0,0,0,61,3045
Wyoming,Sheridan,2000,226,174,48,4,0,0,0,124,68,30,0,0,0,101,125,3047
Wyoming,Sublette,2000,362,229,125,8,0,0,0,129,74,47,0,0,361,1,0,3049
Wyoming,Sweetwater,2000,288,265,22,0,1,0,0,172,48,24,0,0,0,0,288,3051
Wyoming,Teton,2000,361,289,72,0,0,0,0,100,61,44,0,0,356,1,4,3053
